timestamp,frame_id,object_type,confidence,x1,y1,x2,y2
0.0,0,car,0.8274,296.8,197.5,418.6,305.3
0.0,0,car,0.7895,348.8,50.5,453.9,136.8
0.0,0,car,0.7876,494.6,147.2,615.8,245.3
0.0,0,car,0.7851,580.3,122.9,696.3,214.7
0.0,0,car,0.6581,467.2,46.3,580.2,137.9
0.0,0,car,0.5656,260.9,277.0,374.0,388.6
0.0,0,car,0.469,256.4,0.6,361.1,60.7
0.0,0,car,0.4305,1085.8,155.5,1188.8,236.0
0.0,0,car,0.3761,373.7,0.0,475.3,61.3
0.417,10,car,0.8216,378.3,72.8,484.8,160.6
0.417,10,car,0.7811,296.4,197.2,419.4,305.2
0.417,10,car,0.7761,494.7,147.5,615.0,245.6
0.417,10,car,0.771,578.7,122.3,696.1,214.7
0.417,10,car,0.689,267.0,2.0,365.2,71.5
0.417,10,car,0.6844,124.5,63.4,227.8,146.9
0.417,10,car,0.5793,462.0,47.4,580.8,136.9
0.417,10,car,0.552,262.3,277.4,373.0,387.8
0.417,10,car,0.2989,1087.8,156.6,1189.4,236.5
0.834,20,car,0.8313,298.1,194.6,419.4,304.7
0.834,20,car,0.8217,377.0,70.6,484.9,160.5
0.834,20,car,0.8064,495.1,149.8,615.8,246.1
0.834,20,car,0.7706,578.5,122.1,697.0,215.8
0.834,20,car,0.7307,184.9,113.0,292.0,202.7
0.834,20,car,0.7214,274.8,4.6,371.7,77.7
0.834,20,car,0.6782,262.4,274.5,373.5,387.6
0.834,20,car,0.6007,463.4,45.9,579.9,137.5
0.834,20,car,0.4241,1085.6,155.4,1189.9,236.3
0.834,20,car,0.4068,1138.1,237.6,1236.9,361.4
0.834,20,car,0.3481,66.9,110.5,179.2,196.1
0.834,20,car,0.2779,372.1,0.4,476.1,64.3
0.834,20,truck,0.2548,1138.2,238.5,1236.5,361.4
1.251,30,car,0.8088,376.8,70.0,485.4,161.0
1.251,30,car,0.7991,495.2,149.4,616.0,246.4
1.251,30,car,0.7655,578.9,122.7,696.3,214.1
1.251,30,car,0.7618,296.5,195.0,419.1,304.0
1.251,30,car,0.7545,278.6,6.0,376.9,82.8
1.251,30,car,0.7449,183.3,112.1,292.2,205.5
1.251,30,car,0.7436,263.6,274.7,373.6,387.2
1.251,30,car,0.6398,463.0,45.9,580.0,137.7
1.251,30,car,0.3621,371.4,0.7,475.9,64.4
1.251,30,car,0.3345,122.4,167.4,253.7,267.3
1.251,30,car,0.3267,1085.1,154.6,1189.8,237.1
1.668,40,car,0.8107,604.1,219.9,732.8,329.5
1.668,40,car,0.8039,531.6,90.9,651.0,186.9
1.668,40,car,0.7981,391.8,78.9,499.6,168.7
1.668,40,car,0.7878,329.0,220.1,458.7,335.3
1.668,40,car,0.7775,387.6,396.3,527.1,516.4
1.668,40,car,0.7587,203.3,132.2,314.3,224.5
1.668,40,car,0.6911,285.6,11.7,385.1,89.1
1.668,40,car,0.6686,810.2,271.5,951.8,382.3
1.668,40,car,0.659,392.5,0.0,494.0,74.7
1.668,40,car,0.4514,1084.9,155.5,1189.7,236.1
1.668,40,car,0.3421,125.5,170.8,246.6,267.2
1.668,40,truck,0.335,811.2,271.4,952.4,381.9
2.085,50,car,0.7448,780.8,359.6,929.4,482.6
2.085,50,car,0.7291,446.3,339.7,578.6,459.1
2.085,50,car,0.6526,462.2,43.2,569.7,123.2
2.085,50,car,0.6077,702.1,193.4,832.8,302.8
2.085,50,car,0.5669,1126.6,490.5,1275.1,606.9
2.085,50,car,0.5554,515.0,532.0,669.6,677.3
2.085,50,car,0.4998,514.3,172.3,643.1,274.8
2.085,50,car,0.4899,1085.0,155.8,1189.4,236.1
2.085,50,truck,0.4055,514.2,532.4,670.3,677.9
2.503,60,car,0.664,478.1,345.7,633.1,480.6
2.503,60,car,0.6589,362.1,58.8,513.2,148.3
2.503,60,car,0.6448,143.8,48.8,237.8,130.9
2.503,60,car,0.5948,1123.4,482.9,1277.8,599.7
2.503,60,car,0.5082,684.4,293.9,823.0,403.3
2.503,60,car,0.4335,1085.5,155.2,1189.2,237.0
2.503,60,car,0.3568,671.5,191.9,785.1,274.3
2.503,60,car,0.296,1.2,4.1,88.6,100.7
2.503,60,car,0.2877,682.9,293.1,868.9,411.4
2.92,70,car,0.7847,343.4,41.5,451.4,126.1
2.92,70,car,0.5936,520.8,164.6,639.9,261.3
2.92,70,car,0.4648,1162.4,518.5,1266.3,604.5
2.92,70,car,0.399,503.4,52.6,584.0,121.8
2.92,70,car,0.3764,1037.4,545.0,1191.2,654.6
2.92,70,car,0.2759,1085.6,154.7,1189.3,236.7
3.337,80,car,0.7005,573.7,110.8,672.1,192.7
3.337,80,car,0.6278,602.4,250.1,741.4,371.9
3.337,80,car,0.616,1085.4,156.2,1189.4,236.2
3.337,80,car,0.587,350.0,66.8,499.3,148.3
3.337,80,car,0.5752,829.7,286.6,970.1,405.1
3.337,80,car,0.4344,1220.7,206.3,1279.6,262.9
3.337,80,car,0.3296,1101.9,581.3,1192.9,659.2
3.337,80,truck,0.2971,828.9,287.8,970.6,406.2
3.337,80,car,0.2746,1175.6,154.8,1222.7,187.8
3.754,90,car,0.6484,1180.0,202.1,1278.8,290.8
3.754,90,car,0.6318,620.9,249.3,753.1,346.2
3.754,90,car,0.6236,288.7,11.4,403.6,104.3
3.754,90,car,0.5817,1087.7,156.1,1188.5,236.3
3.754,90,car,0.5615,416.2,330.6,537.5,440.5
3.754,90,car,0.3424,1175.5,155.3,1219.9,187.3
3.754,90,car,0.2702,1179.5,526.4,1278.3,607.7
4.171,100,car,0.7837,642.6,187.9,778.7,292.5
4.171,100,car,0.6034,845.6,392.9,1014.9,530.3
4.171,100,car,0.5325,419.9,319.5,545.3,441.0
4.171,100,car,0.5176,1089.3,156.4,1188.5,235.2
4.171,100,car,0.5017,1179.8,201.8,1276.5,290.0
4.171,100,bus,0.4527,399.4,467.3,491.2,623.6
4.171,100,car,0.4263,399.9,467.7,491.8,623.4
4.171,100,car,0.3527,1175.4,154.6,1218.8,186.3
4.588,110,car,0.7401,811.0,298.2,962.8,420.8
4.588,110,car,0.6612,371.1,45.6,466.5,114.6
4.588,110,car,0.6517,253.3,145.2,369.0,252.5
4.588,110,car,0.6058,1088.7,156.3,1188.9,235.2
4.588,110,car,0.5797,1179.6,201.7,1277.4,291.0
4.588,110,car,0.543,400.8,319.6,533.2,435.8
4.588,110,truck,0.4389,564.4,105.8,701.0,221.0
4.588,110,car,0.3104,1175.4,154.6,1218.9,186.5
5.005,120,car,0.5819,1179.8,202.3,1277.7,291.0
5.005,120,car,0.568,1088.5,156.1,1188.7,235.1
5.005,120,truck,0.5277,800.3,321.9,930.1,433.9
5.005,120,car,0.4973,800.5,322.2,930.1,434.0
5.005,120,car,0.3464,1175.4,154.1,1220.3,187.1
5.422,130,car,0.7906,598.3,229.8,725.0,332.6
5.422,130,car,0.6545,590.2,135.7,704.9,223.9
5.422,130,car,0.6156,328.6,11.7,430.4,99.1
5.422,130,car,0.605,1088.8,156.6,1188.9,235.4
5.422,130,car,0.6035,1179.7,201.8,1277.7,290.5
5.422,130,car,0.5989,289.6,186.2,400.0,284.3
5.422,130,truck,0.5391,287.3,331.4,413.4,460.3
5.422,130,car,0.3409,1175.7,154.5,1219.0,186.7
5.422,130,car,0.283,26.5,72.4,175.9,175.7
5.839,140,car,0.73,593.3,132.3,703.7,214.1
5.839,140,car,0.6707,612.3,228.2,737.7,328.2
5.839,140,car,0.5969,372.6,263.2,480.0,347.6
5.839,140,car,0.5873,1089.2,156.6,1188.5,235.1
5.839,140,car,0.5231,1179.9,202.9,1277.5,289.6
5.839,140,bus,0.4474,379.0,457.0,475.8,602.5
5.839,140,car,0.3712,1175.8,154.5,1219.1,186.5
5.839,140,person,0.3574,1037.3,408.2,1060.4,457.8
5.839,140,person,0.295,1044.4,415.0,1088.0,462.2
6.256,150,car,0.6444,368.4,1.2,476.5,77.3
6.256,150,car,0.6408,1087.8,155.6,1189.2,236.1
6.256,150,car,0.5898,1179.8,200.5,1278.6,289.0
6.256,150,car,0.5665,1114.6,469.2,1275.2,591.5
6.256,150,car,0.5518,352.6,244.3,469.8,338.6
6.256,150,car,0.3665,1175.9,154.7,1220.5,186.8
6.673,160,car,0.6149,1179.4,200.3,1277.4,290.0
6.673,160,car,0.5745,1088.2,155.8,1188.7,236.1
6.673,160,car,0.3963,1176.1,154.7,1220.4,186.9
7.09,170,car,0.576,1179.3,197.9,1278.8,290.3
7.09,170,car,0.5246,1088.1,155.6,1187.7,236.7
7.09,170,car,0.3441,1176.0,154.4,1219.3,186.7
7.508,180,car,0.7099,402.1,29.6,505.2,121.4
7.508,180,car,0.5931,1086.5,156.0,1188.5,237.0
7.508,180,car,0.593,1180.2,201.3,1278.1,288.1
7.508,180,car,0.5785,702.3,299.0,826.7,406.5
7.508,180,truck,0.4236,702.0,299.7,826.3,406.9
7.508,180,car,0.316,1176.6,155.1,1219.7,186.8
7.925,190,car,0.6992,237.8,0.8,349.9,72.0
7.925,190,car,0.6658,1087.0,156.3,1190.2,235.7
7.925,190,car,0.5808,1180.0,200.2,1278.3,288.6
7.925,190,car,0.3314,1176.6,155.3,1219.5,186.4
8.342,200,car,0.6843,1086.8,156.6,1189.9,235.7
8.342,200,car,0.6443,1179.8,201.6,1278.6,288.8
8.342,200,car,0.5384,850.2,302.8,993.2,421.2
8.342,200,car,0.5035,177.5,204.4,305.5,327.4
8.342,200,car,0.3752,1176.6,155.1,1218.8,186.2
8.342,200,truck,0.3638,849.9,302.7,993.8,421.9
8.759,210,car,0.7847,489.4,54.4,597.3,130.5
8.759,210,car,0.7075,358.3,67.4,464.0,149.9
8.759,210,car,0.671,1086.6,156.6,1190.3,235.8
8.759,210,car,0.6173,1180.0,201.0,1279.0,289.1
8.759,210,car,0.5997,395.2,420.7,525.7,546.7
8.759,210,truck,0.503,395.2,419.9,525.7,546.8
8.759,210,car,0.4489,294.0,685.0,383.3,720.0
8.759,210,car,0.3742,689.7,521.7,807.4,587.5
8.759,210,car,0.3025,1176.4,155.3,1219.5,186.8
9.176,220,car,0.6386,1086.6,156.6,1190.4,235.7
9.176,220,car,0.5783,1179.9,201.5,1278.9,289.3
9.593,230,car,0.7187,797.8,274.1,935.9,383.3
9.593,230,car,0.663,1086.5,156.7,1190.2,235.9
9.593,230,car,0.6535,441.3,112.9,546.5,199.3
9.593,230,car,0.6043,1179.9,200.3,1279.1,289.1
9.593,230,truck,0.5299,325.1,374.9,436.7,494.4
9.593,230,car,0.46,324.2,375.1,436.5,493.9
9.593,230,car,0.3306,1176.4,155.3,1219.1,186.7
10.01,240,car,0.4687,1087.6,155.7,1190.6,234.1
10.01,240,car,0.4659,1101.5,237.3,1228.5,368.6
10.01,240,bus,0.3201,1100.9,237.3,1228.7,368.1
10.01,240,car,0.2684,1176.0,154.3,1218.0,185.3
10.427,250,car,0.6948,395.8,86.4,508.2,176.5
10.427,250,car,0.6514,933.8,364.5,1049.5,489.5
10.427,250,car,0.37,1086.7,156.2,1189.2,235.3
10.427,250,car,0.3025,395.1,85.6,551.7,180.4
10.427,250,car,0.29,321.5,624.0,449.3,718.8
10.844,260,car,0.7862,962.8,302.7,1086.7,402.4
10.844,260,car,0.7578,465.6,136.1,581.4,234.0
10.844,260,truck,0.5401,1009.5,511.1,1102.7,626.2
10.844,260,car,0.497,532.9,84.3,652.2,182.3
10.844,260,car,0.2825,321.7,623.9,449.7,719.0
10.844,260,person,0.278,645.3,298.3,671.3,342.3
10.844,260,car,0.2635,1087.7,155.9,1187.9,234.7
11.261,270,car,0.8186,464.9,135.9,583.7,233.1
11.261,270,car,0.7924,970.3,310.0,1094.3,409.2
11.261,270,car,0.6471,306.7,17.9,405.1,106.7
11.261,270,car,0.6025,590.3,121.1,710.2,225.4
11.261,270,car,0.4256,472.4,41.7,591.1,131.3
11.261,270,truck,0.4124,509.5,600.1,673.0,720.0
11.261,270,car,0.4103,1084.3,156.2,1188.8,235.7
11.261,270,car,0.2882,322.5,624.7,447.3,719.4
11.261,270,person,0.2793,794.4,247.6,815.0,294.3
11.261,270,car,0.2714,302.7,339.4,370.3,396.1
11.678,280,car,0.8435,466.0,137.0,583.8,232.9
11.678,280,car,0.7494,348.1,50.1,451.6,142.7
11.678,280,car,0.707,687.8,467.9,823.6,578.8
11.678,280,car,0.6304,590.3,121.5,709.9,224.9
11.678,280,car,0.5348,478.6,41.7,590.6,130.3
11.678,280,car,0.5101,267.7,1.0,385.1,73.0
11.678,280,car,0.4945,1091.9,156.4,1189.1,233.7
11.678,280,car,0.4704,1103.6,239.0,1213.1,329.1
11.678,280,car,0.4028,473.4,662.6,577.2,720.0
11.678,280,car,0.3429,111.2,154.9,236.9,249.4
11.678,280,car,0.3197,310.4,653.4,412.6,719.6
11.678,280,car,0.308,627.4,146.5,711.3,225.6
11.678,280,car,0.2912,1175.6,153.7,1219.7,186.0
11.678,280,car,0.262,713.0,468.7,821.1,550.8
12.095,290,car,0.8447,465.9,137.0,583.7,232.9
12.095,290,car,0.7527,347.6,48.8,451.6,141.9
12.095,290,car,0.7438,460.2,603.6,604.2,719.2
12.095,290,car,0.6556,590.3,121.6,710.2,225.1
12.095,290,car,0.5469,777.9,436.2,904.7,532.3
12.095,290,car,0.5269,973.6,491.5,1074.9,632.3
12.095,290,car,0.5162,479.9,41.8,590.7,130.4
12.095,290,truck,0.4778,777.4,436.1,904.5,533.8
12.095,290,car,0.4521,267.9,0.8,383.1,73.6
12.095,290,car,0.379,1089.1,155.8,1188.3,234.6
12.095,290,car,0.2986,604.6,143.4,711.7,225.8
12.513,300,car,0.8468,466.3,137.2,583.6,232.8
12.513,300,car,0.7473,347.4,48.5,451.2,141.6
12.513,300,car,0.6406,590.4,121.7,710.3,225.3
12.513,300,car,0.5768,782.0,408.9,928.4,522.6
12.513,300,truck,0.5169,1036.8,341.3,1152.7,464.8
12.513,300,car,0.5004,478.3,41.7,590.6,130.4
12.513,300,car,0.4352,268.3,0.9,382.1,73.5
12.93,310,car,0.8381,466.3,137.0,584.1,232.7
12.93,310,car,0.7547,347.2,48.7,451.1,141.7
12.93,310,car,0.718,161.4,75.3,265.7,168.1
12.93,310,car,0.6931,907.7,338.6,1036.4,444.2
12.93,310,car,0.6226,590.4,121.6,709.8,225.3
12.93,310,car,0.5529,594.6,507.6,738.0,622.2
12.93,310,car,0.5246,477.6,41.8,590.9,130.6
12.93,310,car,0.4567,150.2,183.7,260.2,295.0
12.93,310,car,0.4117,269.6,0.8,382.7,73.5
12.93,310,truck,0.3199,594.7,507.6,738.3,620.3
12.93,310,car,0.3044,615.3,147.0,711.2,225.9
12.93,310,car,0.2908,1092.0,156.3,1187.8,234.9
12.93,310,car,0.2508,301.4,328.9,370.7,396.6
13.347,320,car,0.828,466.3,137.2,583.3,232.3
13.347,320,car,0.7181,348.0,51.3,451.6,142.8
13.347,320,car,0.6334,370.3,254.5,494.0,361.3
13.347,320,car,0.6079,590.4,121.5,710.0,224.9
13.347,320,car,0.6055,1086.5,156.4,1189.2,236.3
13.347,320,car,0.5139,475.4,41.9,590.6,130.4
13.347,320,car,0.4145,269.4,4.8,365.9,73.8
13.347,320,car,0.3047,629.7,148.6,711.6,225.8
13.347,320,car,0.3038,301.0,323.9,370.1,397.2
13.347,320,car,0.2568,408.3,629.5,542.6,719.1
13.764,330,car,0.8148,466.1,137.2,583.2,232.4
13.764,330,car,0.7731,347.4,53.5,451.6,143.0
13.764,330,car,0.756,370.1,256.1,494.4,361.9
13.764,330,car,0.6011,590.4,121.5,709.4,224.8
13.764,330,car,0.5921,194.3,112.9,307.4,209.6
13.764,330,car,0.5897,614.1,510.9,774.8,647.9
13.764,330,car,0.5855,471.0,42.0,590.4,130.5
13.764,330,car,0.4707,149.7,183.6,259.3,292.1
13.764,330,car,0.4587,1085.8,155.7,1189.2,235.7
13.764,330,car,0.4545,268.7,4.0,362.0,73.9
13.764,330,truck,0.3887,613.5,511.6,774.4,647.2
13.764,330,car,0.3432,42.6,0.8,128.7,52.1
13.764,330,car,0.3401,299.6,320.6,371.2,397.2
13.764,330,car,0.2793,626.5,147.3,710.7,225.7
14.181,340,car,0.8565,555.7,204.8,681.5,307.3
14.181,340,car,0.8331,399.7,84.7,505.8,181.4
14.181,340,car,0.8201,450.0,320.6,578.4,438.4
14.181,340,car,0.7099,145.0,70.0,252.9,161.0
14.181,340,car,0.6838,673.3,184.7,801.0,286.1
14.181,340,car,0.6791,245.4,154.7,365.4,260.0
14.181,340,car,0.6557,303.6,345.7,435.8,453.4
14.181,340,car,0.6537,269.7,1.2,363.0,74.3
14.181,340,car,0.5889,472.1,47.5,597.5,136.4
14.181,340,car,0.5514,153.6,187.3,263.3,297.7
14.181,340,car,0.4562,1087.8,156.1,1188.9,235.3
14.181,340,car,0.2535,40.5,224.7,180.4,383.9
14.598,350,car,0.5984,915.6,441.2,1070.3,580.7
14.598,350,car,0.5925,520.9,171.4,651.7,267.3
14.598,350,car,0.555,400.6,459.0,507.7,613.3
14.598,350,car,0.5045,471.8,339.7,614.2,465.4
14.598,350,truck,0.4545,400.2,459.2,507.7,613.5
14.598,350,car,0.4135,1087.8,156.0,1188.9,235.6
14.598,350,car,0.3876,555.6,112.6,676.4,205.1
14.598,350,car,0.3872,277.5,179.1,394.4,286.0
14.598,350,truck,0.3776,807.5,267.4,973.7,392.3
14.598,350,truck,0.3567,915.3,440.6,1069.2,580.8
14.598,350,bus,0.3271,915.6,440.4,1068.8,581.4
14.598,350,bus,0.2614,277.7,179.4,394.0,285.1
15.015,360,car,0.7648,608.4,239.0,746.8,362.7
15.015,360,car,0.6938,427.2,302.6,562.4,432.3
15.015,360,car,0.6373,422.5,71.9,535.4,192.5
15.015,360,car,0.5352,1088.1,156.5,1188.8,234.8
15.015,360,bus,0.4825,665.1,158.7,825.7,300.5
15.015,360,car,0.3393,1176.1,156.1,1219.4,187.0
15.015,360,truck,0.3118,665.3,159.0,825.7,301.5
15.015,360,bus,0.2721,821.5,629.3,985.8,720.0
15.432,370,car,0.495,1087.7,155.9,1189.2,234.9
15.432,370,bus,0.4708,505.3,397.9,645.2,524.8
15.432,370,car,0.3881,505.6,398.0,644.8,523.4
15.432,370,truck,0.343,505.8,396.9,645.8,523.4
15.849,380,car,0.773,1147.0,507.5,1270.3,601.9
15.849,380,car,0.6256,355.7,234.7,475.8,351.1
15.849,380,car,0.4729,1087.1,156.5,1188.1,235.6
15.849,380,car,0.4235,744.0,303.2,883.7,427.1
15.849,380,truck,0.3836,743.8,304.2,884.1,427.4
15.849,380,bus,0.3586,355.7,235.8,476.0,351.9
15.849,380,bus,0.3302,744.1,304.0,884.8,428.4
15.849,380,car,0.2689,311.0,576.5,483.8,719.7
16.266,390,car,0.7418,863.5,312.3,1012.9,430.2
16.266,390,car,0.5283,881.2,439.3,1052.6,581.6
16.266,390,car,0.5191,1087.7,156.1,1189.0,235.3
16.683,400,car,0.829,1056.7,259.8,1186.9,358.7
16.683,400,car,0.5843,246.9,151.5,351.0,246.2
16.683,400,person,0.5129,316.2,511.9,343.0,579.5
16.683,400,car,0.4608,1087.5,156.3,1188.1,234.9
16.683,400,bus,0.4052,577.4,425.8,721.7,551.1
16.683,400,truck,0.3898,576.6,425.8,722.9,550.6
16.683,400,car,0.3706,576.9,425.9,722.4,550.0
16.683,400,car,0.341,1176.8,155.0,1220.2,186.1
17.1,410,car,0.8389,1042.9,264.6,1178.0,368.0
17.1,410,car,0.5971,571.6,121.6,687.8,207.0
17.1,410,car,0.4762,1086.5,156.4,1188.2,235.0
17.1,410,bus,0.4552,497.8,501.5,647.1,646.4
17.1,410,car,0.406,497.5,501.5,647.3,645.9
17.1,410,car,0.3863,342.5,31.6,455.5,112.6
17.1,410,car,0.363,1176.8,155.0,1219.6,185.7
17.1,410,car,0.3409,587.7,212.5,724.0,329.3
17.1,410,truck,0.2556,587.8,211.2,724.7,328.7
17.1,410,car,0.2554,341.4,32.6,492.4,117.5
17.518,420,car,0.8252,1042.9,264.8,1177.5,368.0
17.518,420,truck,0.5993,373.5,421.3,502.1,572.4
17.518,420,car,0.4715,1087.0,156.6,1188.3,234.9
17.518,420,car,0.3641,355.0,221.5,485.2,346.4
17.518,420,truck,0.3629,0.3,3.5,187.5,177.6
17.518,420,car,0.3543,1176.6,155.2,1219.0,185.9
17.518,420,bus,0.3053,1.6,4.3,186.0,178.9
17.518,420,truck,0.2545,354.1,221.4,539.0,349.1
17.935,430,car,0.8206,1042.9,264.2,1177.6,367.6
17.935,430,car,0.813,402.3,73.3,527.3,186.6
17.935,430,car,0.4904,1087.6,156.6,1188.1,235.0
17.935,430,car,0.3248,1176.4,155.0,1219.1,186.1
18.352,440,car,0.8486,1042.5,264.5,1177.1,368.0
18.352,440,car,0.6933,216.5,122.3,343.1,239.2
18.352,440,car,0.4952,1086.8,156.5,1187.7,234.9
18.352,440,car,0.3474,1176.4,154.5,1217.7,185.7
18.769,450,car,0.8035,1042.3,265.4,1177.8,367.8
18.769,450,car,0.5482,402.4,1.8,504.2,72.1
18.769,450,car,0.5162,536.1,175.0,696.9,279.3
18.769,450,car,0.5112,1015.2,404.2,1185.4,540.4
18.769,450,car,0.4827,1087.9,155.4,1187.7,235.1
18.769,450,car,0.2803,1176.2,154.6,1216.7,185.7
18.769,450,truck,0.2558,40.0,80.7,232.1,257.5
19.186,460,car,0.8428,1042.4,265.2,1176.1,368.1
19.186,460,car,0.4676,1088.0,155.8,1187.5,235.3
19.186,460,car,0.3786,152.3,103.3,260.3,186.1
19.186,460,truck,0.3698,1006.2,500.2,1184.3,657.8
19.186,460,bus,0.365,1004.7,499.7,1183.0,658.5
19.186,460,car,0.2831,1176.2,155.1,1216.7,186.3
19.603,470,car,0.8324,1042.5,265.1,1176.5,368.0
19.603,470,car,0.6612,193.3,106.8,306.5,201.2
19.603,470,car,0.6249,358.8,250.2,494.0,379.5
19.603,470,car,0.4632,1088.1,155.8,1187.4,235.4
19.603,470,car,0.4576,754.5,243.8,855.5,332.1
19.603,470,bus,0.3344,163.1,196.5,387.2,424.4
19.603,470,car,0.3172,413.2,13.8,500.2,87.5
19.603,470,car,0.3108,1176.2,155.0,1216.4,186.0
19.603,470,car,0.2829,39.3,225.3,186.0,382.8
19.603,470,car,0.2573,701.5,225.9,855.0,333.3
20.02,480,car,0.8356,1042.4,265.0,1176.8,368.0
20.02,480,car,0.7017,738.0,241.8,878.6,355.3
20.02,480,car,0.4598,951.8,488.0,1100.0,612.9
20.02,480,car,0.4573,1088.6,155.6,1187.7,235.1
20.02,480,truck,0.4513,952.4,488.4,1099.5,613.1
20.02,480,car,0.2969,1176.1,154.5,1217.0,186.6
20.437,490,car,0.8564,1042.1,264.9,1177.2,367.9
20.437,490,car,0.6974,459.2,325.0,599.7,443.4
20.437,490,car,0.6758,378.9,421.1,496.0,561.2
20.437,490,car,0.586,634.7,257.8,765.4,366.6
20.437,490,car,0.4915,1087.6,155.9,1187.7,234.8
20.437,490,car,0.3192,1176.1,154.8,1216.5,185.7
20.854,500,car,0.8482,1042.7,265.1,1177.1,368.2
20.854,500,car,0.636,535.7,412.2,644.0,519.5
20.854,500,car,0.4672,1088.2,155.6,1187.6,234.9
20.854,500,car,0.3147,1175.8,155.0,1216.8,185.2
20.854,500,car,0.2933,1223.6,256.1,1279.0,309.4
21.271,510,car,0.8403,1042.4,264.8,1176.7,368.4
21.271,510,car,0.3294,1223.1,256.4,1279.0,309.6
21.271,510,car,0.2703,1176.0,154.7,1216.1,185.4
21.688,520,car,0.8124,1042.7,265.1,1176.8,367.7
21.688,520,car,0.6006,741.1,331.4,897.0,458.7
21.688,520,car,0.4247,313.3,322.9,444.0,431.0
21.688,520,car,0.347,1223.5,256.6,1279.2,309.7
21.688,520,car,0.3083,1175.8,154.0,1216.4,184.8
21.688,520,car,0.2888,1088.2,155.4,1187.2,234.5
21.688,520,car,0.2815,331.4,2.9,472.3,78.0
21.688,520,bus,0.2551,741.5,331.2,897.0,459.4
22.105,530,car,0.8202,1042.5,265.3,1177.4,367.1
22.105,530,car,0.7245,392.2,94.5,521.1,203.0
22.105,530,car,0.3873,1088.5,155.7,1187.3,234.7
22.105,530,car,0.3381,1175.8,154.1,1216.3,184.6
22.105,530,car,0.3034,1223.2,256.8,1279.0,309.1
22.523,540,car,0.7957,942.1,317.6,1085.7,428.3
22.523,540,car,0.7803,471.2,64.4,597.5,155.6
22.523,540,car,0.575,520.6,186.6,661.9,301.9
22.523,540,car,0.5029,1088.0,155.9,1187.8,235.4
22.523,540,car,0.2939,452.1,407.0,506.6,450.2
22.94,550,car,0.7756,562.7,109.2,688.3,209.4
22.94,550,car,0.672,1019.9,278.2,1146.2,375.0
22.94,550,car,0.6665,477.6,159.2,617.1,270.9
22.94,550,car,0.5756,781.2,426.4,909.5,525.4
22.94,550,bus,0.4739,408.0,1.4,543.4,97.0
22.94,550,person,0.4318,638.1,300.2,662.6,353.5
22.94,550,truck,0.4152,407.3,1.1,543.4,96.8
22.94,550,truck,0.4087,780.3,425.8,911.0,527.5
22.94,550,person,0.351,636.8,299.2,697.4,353.5
22.94,550,car,0.3417,1089.8,156.4,1188.1,234.8
22.94,550,person,0.3188,596.6,402.1,619.3,460.1
22.94,550,person,0.3053,638.9,298.3,675.0,352.4
22.94,550,person,0.2827,596.3,402.9,629.7,459.8
22.94,550,person,0.2506,111.4,380.0,137.6,440.0
23.357,560,car,0.8039,357.7,60.8,480.5,153.9
23.357,560,car,0.7657,120.8,58.5,221.5,144.8
23.357,560,car,0.7485,475.2,152.3,612.6,269.7
23.357,560,car,0.6764,564.1,120.1,687.7,208.8
23.357,560,truck,0.5749,506.9,555.1,666.2,681.3
23.357,560,car,0.5482,1089.3,155.9,1188.8,235.6
23.357,560,car,0.529,506.3,555.6,666.7,682.2
23.357,560,bus,0.3141,444.5,0.0,586.5,123.6
23.357,560,car,0.3002,149.7,201.0,259.0,312.2
23.357,560,car,0.2836,445.1,1.5,585.8,123.8
23.357,560,person,0.2783,897.5,231.8,918.3,279.7
23.774,570,car,0.8059,364.3,69.0,485.9,161.5
23.774,570,car,0.7666,475.0,152.4,612.6,270.0
23.774,570,car,0.704,327.6,220.2,449.0,333.0
23.774,570,car,0.6852,564.7,107.1,689.0,209.3
23.774,570,car,0.5127,273.5,1.8,356.3,71.9
23.774,570,bus,0.3882,444.5,0.0,585.9,124.4
23.774,570,car,0.3052,1176.7,153.7,1219.9,187.1
23.774,570,car,0.2955,445.5,1.1,585.3,124.8
23.774,570,car,0.2911,1088.2,139.7,1190.5,235.5
24.191,580,car,0.7982,363.9,68.8,485.8,161.9
24.191,580,car,0.7727,475.0,152.7,612.7,269.8
24.191,580,car,0.7652,337.6,238.9,456.1,340.0
24.191,580,car,0.6459,562.5,104.9,688.9,209.5
24.191,580,car,0.501,1091.9,155.9,1188.6,234.3
24.191,580,car,0.477,273.7,2.1,356.1,72.6
24.191,580,bus,0.388,444.3,0.0,586.0,124.7
24.191,580,car,0.316,45.0,2.0,126.8,44.1
24.191,580,person,0.3016,999.7,199.2,1019.3,246.2
24.191,580,car,0.2617,445.5,1.3,585.3,125.0
24.608,590,car,0.8375,338.5,235.3,456.0,339.7
24.608,590,car,0.7965,363.9,69.0,485.8,161.8
24.608,590,car,0.7628,474.8,152.5,612.8,270.3
24.608,590,car,0.7294,235.6,134.4,342.5,234.2
24.608,590,car,0.6538,562.5,105.0,688.0,209.3
24.608,590,car,0.4942,274.3,1.1,354.6,71.9
24.608,590,bus,0.4695,444.5,0.0,585.9,124.8
24.608,590,car,0.3653,1087.3,155.2,1189.3,234.5
24.608,590,bus,0.262,41.1,226.0,175.4,383.5
24.608,590,car,0.2501,445.8,1.5,585.2,125.2
25.025,600,car,0.8279,338.6,236.2,455.7,339.8
25.025,600,car,0.8029,364.6,69.4,486.2,161.1
25.025,600,car,0.7492,474.8,152.4,612.8,270.2
25.025,600,car,0.7423,236.1,134.0,341.8,233.5
25.025,600,car,0.6704,102.7,30.5,197.3,104.4
25.025,600,car,0.6595,565.2,107.6,689.6,209.4
25.025,600,car,0.4912,274.0,1.2,354.7,71.9
25.025,600,bus,0.4692,444.4,0.0,585.4,124.7
25.025,600,car,0.3638,1088.7,148.6,1189.4,236.8
25.025,600,car,0.3446,1176.8,154.2,1218.1,185.3
25.025,600,bus,0.3121,39.7,226.6,180.8,382.6
25.442,610,car,0.8275,338.2,235.3,455.8,339.3
25.442,610,car,0.8106,151.7,69.5,250.4,152.5
25.442,610,car,0.8061,364.1,69.0,485.1,161.1
25.442,610,car,0.7888,233.2,134.5,343.1,233.3
25.442,610,car,0.7379,475.0,152.5,612.8,269.3
25.442,610,car,0.6295,564.7,109.1,688.1,209.7
25.442,610,bus,0.4899,444.5,0.1,585.9,124.8
25.442,610,car,0.4845,273.3,1.7,356.5,72.5
25.442,610,car,0.4696,1087.3,155.7,1188.4,236.4
25.442,610,bus,0.298,150.4,200.5,259.7,310.2
25.859,620,car,0.8304,338.7,235.7,455.5,339.4
25.859,620,car,0.802,151.4,69.2,250.3,151.4
25.859,620,car,0.7972,364.2,69.2,486.1,161.2
25.859,620,car,0.7634,233.1,134.4,342.6,233.2
25.859,620,car,0.7459,474.7,152.6,612.1,269.5
25.859,620,car,0.6337,562.1,105.1,688.0,209.6
25.859,620,bus,0.5117,444.5,0.0,586.3,125.5
25.859,620,car,0.4824,274.6,2.5,354.8,70.7
25.859,620,bus,0.3741,40.5,226.2,183.7,381.1
25.859,620,car,0.3031,1086.9,155.8,1189.3,234.2
25.859,620,bus,0.2944,149.9,200.4,260.3,311.7
26.276,630,car,0.8206,338.5,236.2,455.7,339.7
26.276,630,car,0.8144,149.6,69.7,250.1,151.9
26.276,630,car,0.8136,235.1,134.2,343.9,232.9
26.276,630,car,0.7909,363.3,68.1,486.5,161.7
26.276,630,car,0.7601,474.3,152.7,612.7,270.2
26.276,630,car,0.6612,564.0,107.1,687.3,209.4
26.276,630,bus,0.4981,444.4,0.0,585.9,125.2
26.276,630,car,0.4907,275.0,2.9,355.4,70.8
26.276,630,car,0.3879,1087.5,156.0,1189.1,235.5
26.693,640,car,0.8513,149.3,71.0,249.8,150.7
26.693,640,car,0.836,234.8,134.2,349.1,234.1
26.693,640,car,0.8011,362.9,67.9,487.2,161.2
26.693,640,car,0.7447,478.9,157.8,620.5,273.4
26.693,640,car,0.7191,577.1,118.5,703.2,220.4
26.693,640,bus,0.5965,446.2,0.0,587.5,125.7
26.693,640,car,0.5153,520.4,390.1,665.5,513.2
26.693,640,car,0.4843,274.9,2.7,354.9,70.9
26.693,640,car,0.42,42.5,224.8,178.6,384.0
26.693,640,car,0.4084,164.0,223.6,281.3,345.8
26.693,640,person,0.3861,764.6,224.4,781.6,274.6
26.693,640,car,0.3475,1087.2,155.6,1188.2,235.4
26.693,640,car,0.3445,47.8,106.5,146.8,213.3
26.693,640,bus,0.3427,43.6,225.4,179.8,384.0
27.11,650,car,0.8025,178.8,94.5,283.9,177.7
27.11,650,car,0.7476,487.3,153.4,626.4,265.7
27.11,650,car,0.7428,360.5,66.6,447.6,142.6
27.11,650,car,0.6588,797.8,261.5,943.6,381.8
27.11,650,car,0.5969,386.2,257.1,512.7,369.4
27.11,650,car,0.4574,823.6,402.6,1007.8,558.4
27.11,650,truck,0.3917,822.0,402.2,1006.2,557.6
27.11,650,car,0.3752,42.5,224.2,184.4,385.2
27.11,650,bus,0.3235,584.6,79.5,737.3,232.4
27.11,650,truck,0.3087,584.1,79.7,738.3,231.7
27.11,650,car,0.2583,1087.7,155.9,1187.9,235.3
27.11,650,car,0.2576,320.2,598.0,445.3,719.1
27.528,660,car,0.8253,750.0,344.8,869.3,450.3
27.528,660,car,0.7034,521.5,171.0,644.1,273.4
27.528,660,car,0.679,331.5,219.1,438.1,321.0
27.528,660,car,0.6338,743.2,242.9,895.1,337.4
27.528,660,car,0.5643,630.2,464.8,801.9,583.1
27.528,660,car,0.5201,326.3,28.8,419.6,104.6
27.528,660,car,0.4403,514.2,83.5,623.2,162.4
27.528,660,car,0.3284,62.2,1.7,140.3,61.9
27.528,660,car,0.3047,1088.0,156.3,1188.5,235.1
27.528,660,car,0.2727,42.2,225.5,186.3,383.8
27.528,660,car,0.2639,327.5,28.5,467.9,110.3
27.945,670,car,0.8041,327.8,23.2,422.6,108.7
27.945,670,car,0.6958,525.1,180.0,644.4,267.5
27.945,670,car,0.6915,329.0,220.8,446.8,321.9
27.945,670,car,0.6552,906.8,446.7,1050.2,568.9
27.945,670,car,0.6355,750.2,236.9,883.3,335.0
27.945,670,car,0.5387,337.9,377.2,453.4,513.7
27.945,670,bus,0.4377,338.2,377.9,453.7,513.1
27.945,670,bus,0.3313,906.3,447.0,1050.9,567.0
27.945,670,car,0.3148,1087.6,155.7,1188.1,235.0
27.945,670,truck,0.2789,337.7,376.7,453.6,513.4
28.362,680,car,0.6103,361.2,368.2,491.0,489.3
28.362,680,car,0.552,962.0,486.0,1110.4,617.9
28.362,680,car,0.5129,1088.0,155.3,1188.7,235.4
28.362,680,bus,0.3483,623.8,475.3,795.7,594.6
28.362,680,truck,0.3077,962.3,486.3,1110.1,618.8
28.362,680,car,0.2873,1177.0,154.8,1221.9,187.4
28.779,690,car,0.6146,462.5,336.6,652.0,470.5
28.779,690,car,0.4315,1087.7,155.7,1189.0,235.2
28.779,690,truck,0.2883,462.9,335.3,651.6,473.1
29.196,700,car,0.6119,334.4,223.4,454.7,333.1
29.196,700,car,0.5317,749.9,228.2,907.3,342.0
29.196,700,car,0.5235,1087.5,156.1,1188.1,234.7
29.196,700,car,0.4551,363.3,3.0,446.1,74.8
29.196,700,car,0.4439,16.3,29.5,113.4,110.8
29.613,710,car,0.6493,866.5,403.1,1001.7,517.2
29.613,710,car,0.5489,412.2,60.6,536.8,159.8
29.613,710,car,0.3201,1088.1,156.0,1188.3,234.7
30.03,720,car,0.7373,448.0,107.0,578.0,204.8
30.03,720,car,0.6732,352.9,269.7,480.1,374.4
30.03,720,car,0.488,869.6,322.9,1020.6,437.6
30.03,720,bus,0.47,870.3,323.1,1021.0,437.8
30.03,720,truck,0.358,871.0,322.5,1020.9,437.6
30.03,720,car,0.3235,1088.8,155.4,1203.7,238.1
30.447,730,car,0.7759,233.6,128.4,345.2,228.5
30.447,730,car,0.7367,470.7,40.0,566.4,119.1
30.447,730,truck,0.5901,983.5,380.4,1140.5,502.8
30.447,730,car,0.5014,983.3,381.2,1141.3,503.1
30.447,730,person,0.2984,58.2,353.8,80.0,398.8
30.864,740,car,0.8265,521.4,174.2,641.2,266.4
30.864,740,car,0.7821,685.2,316.9,831.4,436.1
30.864,740,car,0.7613,1020.1,412.8,1174.4,538.8
30.864,740,car,0.7488,723.3,237.5,848.0,333.6
30.864,740,car,0.5801,341.8,39.7,446.5,117.2
30.864,740,car,0.5608,540.9,92.0,649.4,169.4
30.864,740,car,0.5273,389.4,253.3,517.8,367.9
30.864,740,car,0.4301,341.4,373.2,438.1,476.0
30.864,740,truck,0.3057,389.5,252.8,521.1,367.7
31.281,750,car,0.6756,382.6,258.8,498.6,363.2
31.281,750,car,0.5741,43.4,22.9,151.0,107.8
31.281,750,car,0.5191,651.8,255.8,836.8,370.3
31.281,750,car,0.4575,491.9,59.9,600.2,138.5
31.281,750,car,0.4526,650.4,258.2,794.2,359.5
31.281,750,car,0.4448,340.9,587.0,443.8,718.8
31.698,760,car,0.7581,393.8,268.4,504.7,371.5
31.698,760,car,0.5722,554.2,448.1,715.6,593.2
31.698,760,car,0.5317,983.1,480.7,1153.6,621.1
31.698,760,car,0.4595,470.7,42.7,597.9,137.6
31.698,760,truck,0.443,344.7,409.7,440.2,558.0
31.698,760,car,0.4413,39.6,225.5,186.9,384.7
31.698,760,truck,0.4407,984.1,480.7,1155.6,621.7
31.698,760,car,0.3933,345.2,409.5,440.1,558.6
31.698,760,car,0.3907,163.3,235.9,274.7,347.7
32.115,770,car,0.3421,700.1,211.7,820.9,302.6
32.115,770,truck,0.3214,699.5,210.2,821.0,304.8
32.95,790,car,0.7293,465.5,109.6,589.1,213.8
32.95,790,car,0.4619,994.7,461.5,1167.4,606.4
32.95,790,truck,0.37,994.2,461.2,1167.4,607.2
33.367,800,car,0.5784,173.5,1.6,453.7,72.4
33.367,800,car,0.4508,913.6,4.0,1279.4,119.9
33.367,800,car,0.3546,449.9,1.2,544.5,46.8
33.784,810,car,0.768,450.6,0.7,547.0,77.9
33.784,810,car,0.7622,172.1,3.5,455.3,105.5
33.784,810,car,0.6643,965.0,3.3,1279.1,176.4
33.784,810,person,0.5171,881.1,0.6,973.9,100.0
33.784,810,car,0.3652,0.9,3.4,178.6,248.0
33.784,810,person,0.333,730.2,4.4,787.4,71.7
33.784,810,car,0.2501,633.9,1.8,735.8,52.5
34.201,820,car,0.8271,160.1,4.8,458.7,138.2
34.201,820,car,0.7379,445.4,2.6,546.5,111.1
34.201,820,car,0.7346,638.9,3.4,750.8,86.2
34.201,820,car,0.6157,742.2,2.8,880.5,107.3
34.201,820,car,0.6048,539.5,3.7,604.1,66.5
34.201,820,car,0.603,597.2,4.0,663.9,75.7
34.201,820,car,0.5482,0.8,4.8,172.5,237.7
34.201,820,car,0.3117,873.6,2.1,1050.4,137.9
34.618,830,car,0.8562,148.3,5.7,460.2,171.3
34.618,830,car,0.8232,642.4,5.5,765.3,121.4
34.618,830,car,0.8104,755.3,1.5,916.3,144.0
34.618,830,car,0.7363,438.9,2.2,551.2,144.2
34.618,830,car,0.6915,5.7,5.5,164.2,273.7
34.618,830,car,0.6089,600.7,3.1,678.6,108.1
34.618,830,car,0.5642,900.4,2.7,1167.7,176.3
34.618,830,car,0.5201,541.1,32.4,605.9,99.3
34.618,830,car,0.4329,1155.2,5.7,1279.6,278.1
35.035,840,car,0.8775,933.0,4.1,1279.9,227.7
35.035,840,car,0.8448,643.3,37.3,778.3,155.1
35.035,840,car,0.8397,139.1,4.1,460.1,206.3
35.035,840,car,0.7197,4.3,9.6,153.4,305.9
35.035,840,car,0.7047,416.9,3.9,548.8,178.5
35.035,840,car,0.6898,770.4,1.1,962.7,180.9
35.035,840,car,0.6484,600.9,30.3,689.1,141.5
35.035,840,car,0.4935,542.1,68.4,606.8,131.9
35.452,850,car,0.8381,650.2,73.1,792.6,194.7
35.452,850,car,0.83,416.3,32.1,547.4,216.8
35.452,850,car,0.8111,980.9,4.0,1279.1,279.4
35.452,850,car,0.795,126.9,3.3,458.4,246.0
35.452,850,car,0.79,784.1,2.9,1014.1,225.0
35.452,850,car,0.5384,1.3,12.4,144.0,345.6
35.452,850,car,0.493,538.4,104.8,607.1,169.3
35.452,850,car,0.4917,599.7,64.4,691.8,180.6
35.452,850,car,0.4653,599.2,63.4,728.1,177.4
35.869,860,car,0.8446,1055.6,1.3,1279.6,354.2
35.869,860,car,0.8003,667.5,110.5,811.8,235.1
35.869,860,car,0.7925,123.8,10.2,458.1,281.5
35.869,860,car,0.7686,417.4,73.1,546.5,252.2
35.869,860,car,0.662,0.3,4.6,139.4,399.1
35.869,860,car,0.636,540.4,143.9,608.9,206.3
35.869,860,truck,0.4939,805.3,15.8,1075.3,270.2
35.869,860,car,0.4504,601.9,101.8,706.7,220.2
36.286,870,car,0.8266,671.2,147.4,835.0,277.2
36.286,870,car,0.7308,1162.9,7.7,1279.6,396.3
36.286,870,car,0.6936,415.6,107.8,546.4,292.3
36.286,870,car,0.6699,0.4,7.2,111.8,441.8
36.286,870,car,0.6471,540.7,181.3,610.9,245.9
36.286,870,car,0.5925,604.9,138.4,730.3,258.3
36.286,870,truck,0.5266,93.7,49.5,456.6,323.1
36.286,870,car,0.5018,92.7,47.8,456.5,323.9
36.286,870,car,0.5011,825.7,43.0,1141.6,317.9
36.286,870,car,0.4165,1120.8,139.3,1169.3,273.6
36.286,870,truck,0.4122,826.4,40.9,1143.5,318.2
36.703,880,car,0.8569,81.4,87.4,455.6,360.1
36.703,880,car,0.8045,414.3,152.7,549.0,331.3
36.703,880,car,0.7412,540.5,213.4,615.3,284.9
36.703,880,car,0.7291,681.3,183.3,865.0,318.1
36.703,880,car,0.7274,1233.6,132.6,1279.7,341.0
36.703,880,car,0.6464,605.3,174.8,731.4,298.5
36.703,880,car,0.6141,0.0,41.0,85.1,494.3
36.703,880,truck,0.5992,854.0,62.3,1210.4,370.3
36.703,880,truck,0.3713,605.6,174.4,733.6,297.7
36.703,880,car,0.3171,854.2,62.1,1208.1,368.4
37.12,890,car,0.798,691.7,218.5,905.1,361.4
37.12,890,car,0.7483,605.6,212.2,738.5,336.9
37.12,890,car,0.7443,410.5,187.8,549.0,368.3
37.12,890,car,0.7395,30.0,204.9,117.9,375.5
37.12,890,car,0.6607,542.6,250.8,620.1,322.0
37.12,890,car,0.608,87.3,124.2,455.1,404.0
37.12,890,car,0.6065,891.8,76.1,1279.3,420.9
37.12,890,truck,0.4561,87.8,124.9,454.6,405.1
37.538,900,car,0.7799,711.7,252.9,947.6,403.7
37.538,900,car,0.7504,407.5,229.0,547.6,410.2
37.538,900,car,0.7358,961.0,78.1,1278.3,485.1
37.538,900,car,0.666,0.1,234.7,76.9,416.8
37.538,900,car,0.5938,77.9,161.0,451.6,445.2
37.538,900,car,0.5355,604.6,249.4,750.5,377.4
37.538,900,car,0.5323,540.5,292.2,618.9,364.3
37.538,900,truck,0.5029,604.0,249.9,752.3,378.2
37.538,900,truck,0.418,77.7,158.9,452.3,444.4
37.538,900,car,0.3931,898.1,254.0,972.1,365.4
37.538,900,car,0.3928,13.5,243.4,109.5,415.4
37.955,910,car,0.7128,928.3,294.7,1033.8,419.5
37.955,910,car,0.6881,421.1,269.7,547.8,447.6
37.955,910,truck,0.6821,608.0,285.5,775.4,417.2
37.955,910,car,0.6182,0.1,268.5,70.3,457.2
37.955,910,car,0.6024,737.3,285.5,989.3,447.9
37.955,910,car,0.5537,543.1,329.9,627.0,403.5
37.955,910,truck,0.5487,62.0,197.0,448.8,488.0
37.955,910,car,0.5486,60.9,197.2,449.2,487.2
37.955,910,truck,0.4941,1063.3,86.2,1279.2,566.3
37.955,910,car,0.3141,1018.1,296.2,1081.4,438.0
38.372,920,truck,0.691,611.4,323.2,795.2,462.8
38.372,920,car,0.6197,765.2,316.2,1037.7,497.2
38.372,920,car,0.6185,0.4,321.3,76.8,497.1
38.372,920,car,0.6153,541.2,376.9,612.3,443.1
38.372,920,truck,0.5996,40.6,229.6,441.9,534.3
38.372,920,car,0.5963,427.1,310.4,549.6,489.7
38.372,920,car,0.582,977.0,333.1,1078.5,464.3
38.372,920,car,0.5595,1057.2,270.2,1278.2,490.2
38.372,920,car,0.476,43.3,231.1,441.8,533.3
38.372,920,truck,0.44,761.6,316.5,1036.8,497.0
38.372,920,truck,0.3987,426.3,309.5,549.5,489.4
38.789,930,car,0.7145,1125.0,295.8,1279.5,538.4
38.789,930,car,0.7085,794.7,343.1,1107.1,545.2
38.789,930,truck,0.6825,2.0,261.5,435.3,576.2
38.789,930,car,0.642,418.6,347.6,545.0,529.1
38.789,930,truck,0.5849,627.5,361.0,814.4,504.0
38.789,930,car,0.5386,631.8,361.0,814.6,503.0
38.789,930,car,0.4818,539.9,416.3,611.4,482.1
38.789,930,car,0.2669,587.2,401.0,649.9,487.7
39.206,940,truck,0.7313,1.9,291.1,420.4,624.6
39.206,940,car,0.7009,401.4,385.7,544.8,571.0
39.206,940,car,0.6126,653.1,394.9,847.9,550.1
39.206,940,truck,0.5509,652.7,394.8,848.1,549.0
39.206,940,car,0.4414,837.8,367.9,1202.5,598.3
39.206,940,car,0.3725,536.8,457.1,610.6,528.5
39.206,940,truck,0.369,839.0,367.0,1202.9,598.8
39.206,940,car,0.3428,537.7,443.6,649.1,532.4
39.206,940,car,0.3403,1216.3,331.8,1279.7,579.1
39.206,940,car,0.3379,618.0,439.3,659.6,532.9
39.206,940,car,0.3084,567.3,438.2,657.9,533.1
39.206,940,truck,0.294,1.7,50.3,418.8,409.6
39.623,950,car,0.8262,900.9,393.2,1278.3,661.1
39.623,950,car,0.6759,0.1,323.1,399.4,683.7
39.623,950,car,0.6637,377.5,433.0,546.1,620.7
39.623,950,truck,0.6481,665.8,436.9,875.8,600.7
39.623,950,car,0.6089,872.4,484.7,919.4,573.4
39.623,950,car,0.3729,619.7,480.9,673.3,579.0
39.623,950,car,0.3085,535.7,499.7,594.8,580.6
39.623,950,truck,0.2956,0.7,61.9,416.2,416.2
39.623,950,car,0.2915,569.3,485.6,643.6,567.9
40.04,960,car,0.9004,997.6,415.5,1277.3,717.1
40.04,960,car,0.8327,886.7,534.0,1010.0,635.3
40.04,960,car,0.7369,362.0,484.3,554.4,675.3
40.04,960,car,0.7046,542.8,545.0,613.8,635.7
40.04,960,car,0.6205,663.6,481.6,899.6,658.7
40.04,960,car,0.5266,585.6,535.9,683.0,637.8
40.04,960,truck,0.4307,0.3,350.2,380.5,715.5
40.04,960,truck,0.3583,655.7,482.6,899.4,658.7
40.04,960,truck,0.2765,0.4,97.3,396.7,716.8
40.04,960,car,0.261,611.7,541.2,682.0,637.9
40.457,970,car,0.857,0.7,383.8,352.8,713.8
40.457,970,car,0.822,339.6,534.6,551.7,719.3
40.457,970,car,0.8162,923.2,592.4,1049.4,697.3
40.457,970,car,0.7616,544.3,597.7,641.3,694.8
40.457,970,car,0.6473,1143.3,543.2,1277.9,718.1
40.457,970,car,0.5253,673.7,529.9,934.9,719.8
40.457,970,car,0.476,1092.6,531.0,1190.2,716.6
40.457,970,car,0.4105,636.6,586.8,699.4,699.5
40.457,970,truck,0.385,673.9,530.2,936.2,718.5
40.457,970,car,0.284,590.4,594.8,661.8,694.4
40.874,980,car,0.7693,309.3,586.6,546.5,719.0
40.874,980,car,0.6755,1164.6,579.5,1279.4,720.0
40.874,980,car,0.5715,547.1,651.9,658.2,717.9
40.874,980,truck,0.4793,701.9,576.4,979.3,716.2
40.874,980,car,0.4621,701.4,576.4,978.3,714.8
40.874,980,car,0.4527,968.9,650.1,1070.5,719.5
40.874,980,truck,0.4399,1.2,211.1,312.2,715.1
40.874,980,car,0.2711,646.8,641.5,722.6,716.7
40.874,980,car,0.2561,1166.2,636.3,1279.4,720.0
41.291,990,car,0.6924,0.1,414.2,280.9,714.2
41.291,990,car,0.6826,284.0,636.8,540.8,713.2
41.291,990,car,0.423,710.2,619.7,1038.4,715.2
41.291,990,truck,0.343,712.4,620.3,1052.3,713.3
41.291,990,truck,0.2728,0.9,417.2,278.7,714.2
41.708,1000,car,0.4723,796.4,661.2,1083.6,717.6
41.708,1000,car,0.3346,291.9,685.6,523.6,713.5
45.045,1080,person,0.7902,988.7,544.2,1041.3,690.6
45.045,1080,person,0.6995,794.6,542.4,869.9,705.9
45.045,1080,person,0.6952,611.1,535.2,657.3,676.8
45.045,1080,person,0.6068,373.8,470.6,417.5,592.3
45.045,1080,person,0.5516,1200.3,406.4,1232.6,496.0
45.045,1080,person,0.5244,674.8,531.4,721.1,665.0
45.045,1080,person,0.5125,597.5,422.1,641.2,533.7
45.045,1080,person,0.4698,488.8,481.2,526.9,587.8
45.045,1080,person,0.4613,674.2,530.1,748.5,670.2
45.045,1080,person,0.4592,787.2,411.3,820.5,514.2
45.045,1080,person,0.4468,425.3,575.0,472.6,713.6
45.045,1080,person,0.4419,473.3,569.9,552.8,720.0
45.045,1080,person,0.3833,1029.1,350.5,1059.1,429.6
45.045,1080,person,0.383,1004.2,369.6,1032.1,457.8
45.045,1080,person,0.3062,1245.6,413.6,1279.5,515.9
45.045,1080,person,0.303,822.3,410.1,858.6,519.3
45.045,1080,person,0.2892,1042.4,404.5,1072.2,510.7
45.045,1080,person,0.2883,946.6,353.7,975.2,445.9
45.045,1080,person,0.2738,471.9,386.3,511.7,502.5
45.045,1080,person,0.2641,679.9,462.2,727.8,541.6
45.045,1080,person,0.2622,914.7,398.6,950.8,496.5
45.045,1080,person,0.253,1124.1,403.7,1161.2,502.9
45.462,1090,bus,0.8547,201.7,202.4,390.2,287.8
45.462,1090,person,0.8212,19.8,358.9,59.9,447.6
45.462,1090,person,0.7608,434.3,461.1,474.7,579.3
45.462,1090,car,0.7343,411.5,232.3,544.7,280.6
45.462,1090,person,0.7334,301.4,307.9,326.2,375.4
45.462,1090,person,0.6956,1103.6,426.8,1152.9,535.0
45.462,1090,person,0.6925,579.4,615.7,631.7,720.0
45.462,1090,person,0.6569,781.5,403.4,816.2,512.8
45.462,1090,person,0.6229,377.2,310.2,405.5,381.9
45.462,1090,person,0.6208,993.3,529.6,1041.1,661.4
45.462,1090,person,0.6119,931.6,536.7,983.0,660.8
45.462,1090,person,0.5345,1124.7,578.2,1206.0,720.0
45.462,1090,person,0.5284,103.0,323.2,136.0,414.0
45.462,1090,person,0.509,533.6,620.3,580.0,720.0
45.462,1090,person,0.4656,147.5,328.3,172.2,403.5
45.462,1090,person,0.4346,1227.4,469.5,1272.1,574.4
45.462,1090,person,0.4226,918.6,675.3,977.1,720.0
45.462,1090,person,0.3662,1115.2,323.8,1146.8,385.9
45.462,1090,car,0.3292,119.0,239.4,155.9,268.5
45.462,1090,person,0.3208,986.1,458.5,1032.7,551.4
45.462,1090,person,0.2983,183.5,336.8,206.3,423.4
45.879,1100,car,0.8434,1045.8,282.0,1244.4,355.9
45.879,1100,car,0.8258,710.5,263.7,866.3,327.9
45.879,1100,car,0.8144,600.9,284.9,788.9,356.6
45.879,1100,car,0.8102,911.6,454.7,1153.4,610.2
45.879,1100,motorcycle,0.6247,761.2,347.7,847.8,420.2
45.879,1100,person,0.6195,11.9,367.5,52.8,462.0
45.879,1100,car,0.5814,355.6,241.2,493.9,293.7
45.879,1100,person,0.5368,139.4,330.2,183.2,453.9
45.879,1100,truck,0.5249,870.1,236.0,1033.9,310.8
45.879,1100,person,0.5062,51.6,361.0,83.8,440.3
45.879,1100,car,0.4672,869.9,235.5,1034.6,311.0
45.879,1100,car,0.3597,182.4,251.4,275.5,327.0
45.879,1100,person,0.3426,124.8,340.8,147.6,409.0
45.879,1100,car,0.2834,226.3,229.9,494.1,295.1
45.879,1100,person,0.2814,240.1,268.4,274.8,329.8
46.296,1110,person,0.7785,17.1,375.4,56.9,468.8
46.296,1110,car,0.7416,479.9,286.0,676.0,354.6
46.296,1110,person,0.6832,51.5,356.0,87.7,440.4
46.296,1110,person,0.6315,138.1,331.7,173.1,426.8
46.296,1110,car,0.627,1149.9,345.6,1279.7,424.5
46.296,1110,car,0.6037,410.0,229.7,548.5,277.2
46.296,1110,car,0.5321,709.6,226.6,815.5,284.6
46.296,1110,person,0.3877,176.2,338.1,205.0,431.1
46.713,1120,truck,0.757,1010.1,398.2,1279.5,560.2
46.713,1120,person,0.6677,73.6,366.0,110.3,461.9
46.713,1120,person,0.6617,115.1,326.4,143.8,404.0
46.713,1120,person,0.6612,961.1,654.7,1023.2,720.0
46.713,1120,person,0.657,1037.0,643.4,1101.6,719.8
46.713,1120,car,0.6039,1220.9,300.2,1279.4,370.1
46.713,1120,person,0.599,15.7,363.7,57.8,470.2
46.713,1120,person,0.5785,50.3,360.1,79.7,438.0
46.713,1120,truck,0.5063,386.2,183.0,973.8,351.1
46.713,1120,bus,0.4319,385.2,174.2,984.0,357.8
46.713,1120,person,0.3978,166.6,332.1,203.3,431.2
46.713,1120,person,0.3962,143.0,327.9,171.3,427.8
46.713,1120,truck,0.371,386.0,189.5,598.6,328.4
46.713,1120,person,0.3144,682.8,241.0,717.7,330.3
47.13,1130,car,0.8043,482.0,272.1,656.7,333.6
47.13,1130,car,0.7267,785.4,312.0,988.4,381.2
47.13,1130,person,0.7217,1126.9,604.0,1187.8,720.0
47.13,1130,person,0.6589,1085.5,573.8,1151.9,720.0
47.13,1130,person,0.6154,79.8,369.4,117.1,467.7
47.13,1130,person,0.5327,139.0,331.1,172.4,427.8
47.13,1130,bus,0.5255,87.5,168.0,445.4,311.1
47.13,1130,person,0.5067,21.1,365.0,59.6,471.7
47.13,1130,person,0.4984,49.4,357.2,78.7,437.1
47.13,1130,person,0.4426,1187.9,629.7,1252.7,720.0
47.13,1130,person,0.4272,179.2,344.1,203.5,429.5
47.13,1130,person,0.3584,0.0,354.6,25.1,449.2
47.13,1130,person,0.3398,1102.4,574.8,1155.6,694.6
47.13,1130,person,0.2529,1088.4,572.7,1134.8,720.0
47.548,1140,car,0.81,1028.4,314.0,1188.8,409.2
47.548,1140,person,0.7396,993.7,648.6,1050.1,720.0
47.548,1140,person,0.6269,1085.0,554.4,1135.1,719.7
47.548,1140,person,0.5944,1119.1,601.6,1179.8,720.0
47.548,1140,person,0.5915,937.0,672.1,989.2,720.0
47.548,1140,person,0.5419,80.1,370.8,115.8,468.1
47.548,1140,person,0.5242,137.9,330.0,171.6,427.8
47.548,1140,person,0.5088,20.2,364.2,58.9,471.4
47.548,1140,car,0.4511,274.4,233.7,414.6,306.8
47.548,1140,person,0.4201,53.3,365.2,81.3,435.0
47.548,1140,car,0.2545,1258.5,281.3,1279.5,339.2
47.548,1140,person,0.2545,175.7,339.1,201.9,433.1
47.548,1140,person,0.2505,1241.4,530.1,1279.1,575.3
47.965,1150,car,0.8091,755.7,429.3,1011.3,605.6
47.965,1150,car,0.7967,697.8,281.7,848.2,352.1
47.965,1150,person,0.6796,1043.6,610.2,1103.5,719.7
47.965,1150,person,0.6235,895.0,599.7,947.0,720.0
47.965,1150,person,0.6101,997.5,649.4,1052.1,720.0
47.965,1150,person,0.6074,1097.9,514.6,1155.1,674.0
47.965,1150,car,0.5272,1162.2,289.8,1279.4,409.3
47.965,1150,person,0.5053,141.3,332.5,170.5,425.6
47.965,1150,car,0.453,56.6,518.0,462.8,705.8
47.965,1150,person,0.4464,76.6,360.1,115.0,470.2
47.965,1150,person,0.4116,57.6,355.1,83.0,438.8
47.965,1150,car,0.3638,1204.4,254.2,1279.5,302.9
47.965,1150,person,0.3477,21.6,400.8,59.5,476.6
47.965,1150,person,0.259,945.1,669.4,987.7,720.0
48.382,1160,person,0.6412,1062.9,595.8,1118.1,719.1
48.382,1160,person,0.608,1115.6,518.7,1167.6,692.2
48.382,1160,person,0.5893,991.6,648.5,1050.6,720.0
48.382,1160,person,0.5833,84.1,360.2,123.4,472.8
48.382,1160,person,0.4955,896.2,600.1,954.2,720.0
48.382,1160,person,0.3815,947.3,672.3,990.9,720.0
48.382,1160,person,0.2908,23.5,386.0,61.5,474.3
48.382,1160,person,0.2746,1025.3,219.1,1052.7,267.6
48.799,1170,person,0.6185,1119.9,517.0,1170.7,675.6
48.799,1170,person,0.6078,879.5,600.7,939.3,720.0
48.799,1170,person,0.5979,994.9,647.3,1050.1,720.0
48.799,1170,person,0.5779,1058.2,603.2,1123.8,720.0
48.799,1170,person,0.4195,34.6,374.6,67.8,471.3
48.799,1170,person,0.4185,924.9,664.2,990.6,720.0
48.799,1170,person,0.406,77.1,374.9,119.7,472.9
48.799,1170,person,0.2857,0.0,369.4,19.6,497.4
49.216,1180,person,0.6887,668.4,640.0,743.4,720.0
49.216,1180,person,0.6093,1117.4,517.5,1169.1,675.9
49.216,1180,person,0.5163,760.8,575.5,808.3,718.9
49.216,1180,person,0.4969,1072.2,366.8,1109.5,468.4
49.216,1180,person,0.486,908.8,533.1,957.8,671.8
49.216,1180,person,0.4585,657.4,289.1,685.2,363.1
49.216,1180,person,0.4349,243.0,487.2,279.7,610.1
49.216,1180,person,0.363,589.6,526.6,637.4,627.3
49.216,1180,person,0.3361,858.7,609.1,931.9,720.0
49.216,1180,person,0.323,552.8,445.9,597.6,559.7
49.216,1180,person,0.3161,872.3,364.5,908.3,456.6
49.216,1180,person,0.3003,1189.8,431.2,1241.9,540.7
49.216,1180,person,0.2989,810.9,588.0,851.6,707.9
49.216,1180,person,0.2882,1009.3,360.0,1040.0,451.8
49.216,1180,person,0.2717,738.5,532.8,776.2,658.8
49.216,1180,person,0.2635,192.9,372.2,229.7,482.5
49.633,1190,person,0.5299,992.5,482.6,1062.5,610.7
49.633,1190,person,0.5252,1116.8,518.1,1168.8,671.3
49.633,1190,person,0.5201,850.6,649.8,910.8,720.0
49.633,1190,person,0.4099,737.7,482.7,783.8,608.3
49.633,1190,person,0.3416,127.2,480.5,176.7,601.6
49.633,1190,person,0.3391,871.6,487.6,915.2,613.2
49.633,1190,person,0.3041,396.0,502.2,431.0,624.5
49.633,1190,person,0.2963,181.2,592.3,240.8,720.0
49.633,1190,person,0.2952,749.6,588.8,797.6,720.0
49.633,1190,person,0.2674,175.1,397.4,205.1,501.8
49.633,1190,person,0.2604,289.9,412.1,317.6,496.4
50.05,1200,person,0.5428,189.2,586.1,255.2,716.3
50.05,1200,person,0.54,744.6,501.4,799.1,651.9
50.05,1200,person,0.5337,486.5,456.1,526.6,576.1
50.05,1200,person,0.5238,0.0,462.0,33.4,593.4
50.05,1200,person,0.4828,1117.6,516.7,1171.0,674.9
50.05,1200,person,0.4224,660.3,546.6,707.4,664.5
50.05,1200,person,0.4166,1015.7,590.0,1066.1,720.0
50.05,1200,person,0.3932,1016.1,526.8,1074.7,720.0
50.05,1200,person,0.3915,127.0,402.1,156.9,504.5
50.05,1200,person,0.3737,529.8,435.7,568.5,543.1
50.05,1200,person,0.3596,465.9,385.9,503.3,488.3
50.05,1200,person,0.3367,629.3,655.1,689.0,719.8
50.05,1200,person,0.3239,627.7,513.8,669.2,644.1
50.05,1200,person,0.3051,801.0,575.1,853.2,718.5
50.05,1200,person,0.2871,340.2,382.2,379.9,465.8
50.05,1200,person,0.2755,870.9,441.3,910.1,545.3
50.467,1210,person,0.6111,253.1,508.9,292.4,633.5
50.467,1210,person,0.6077,376.0,505.5,420.6,631.6
50.467,1210,person,0.5375,654.1,456.1,697.9,581.7
50.467,1210,person,0.5346,729.5,454.3,767.8,566.4
50.467,1210,person,0.4989,586.9,395.8,622.9,495.7
50.467,1210,person,0.4475,350.8,375.2,388.1,471.9
50.467,1210,person,0.3906,412.1,307.5,433.1,376.8
50.467,1210,person,0.3883,0.1,375.1,30.3,523.4
50.467,1210,person,0.3684,1120.9,527.6,1185.4,697.3
50.467,1210,person,0.3618,720.2,375.2,752.4,463.6
50.467,1210,person,0.3529,391.1,415.9,438.1,518.8
50.467,1210,person,0.3001,91.4,384.1,132.0,474.2
50.467,1210,person,0.2944,348.2,641.7,393.3,720.0
50.467,1210,person,0.2894,673.5,382.1,705.4,468.3
50.467,1210,person,0.28,472.9,585.4,531.5,719.0
50.884,1220,person,0.6739,465.1,571.0,531.6,720.0
50.884,1220,person,0.6687,211.4,564.3,266.2,700.5
50.884,1220,person,0.6613,840.8,613.5,903.3,720.0
50.884,1220,person,0.6532,270.7,556.5,313.7,687.1
50.884,1220,person,0.6282,603.6,405.9,639.7,523.4
50.884,1220,person,0.5644,1008.0,529.1,1072.9,680.8
50.884,1220,person,0.5489,676.8,599.8,733.7,720.0
50.884,1220,person,0.4868,745.1,663.5,803.7,720.0
50.884,1220,person,0.4772,951.1,646.1,1009.6,720.0
50.884,1220,person,0.4532,870.2,427.3,909.1,541.0
50.884,1220,person,0.4315,953.0,506.3,996.4,629.8
50.884,1220,person,0.4275,1012.3,420.8,1054.4,526.9
50.884,1220,person,0.4009,591.2,615.0,659.1,720.0
50.884,1220,person,0.3611,135.8,566.9,194.8,719.8
50.884,1220,person,0.3599,1239.7,412.0,1277.7,525.3
50.884,1220,person,0.3378,1059.6,425.3,1092.3,525.3
50.884,1220,person,0.3332,576.8,295.3,611.4,364.3
50.884,1220,person,0.2918,281.3,351.2,325.2,440.7
50.884,1220,person,0.2849,184.3,485.2,236.3,605.4
50.884,1220,person,0.2638,324.4,601.6,376.0,720.0
51.301,1230,car,0.7713,363.7,227.4,515.2,295.0
51.301,1230,person,0.7371,1068.7,431.2,1111.9,554.8
51.301,1230,person,0.6732,217.5,378.6,263.3,468.6
51.301,1230,person,0.653,457.0,357.5,491.8,462.4
51.301,1230,person,0.6527,566.5,299.6,592.5,379.1
51.301,1230,person,0.6391,705.6,518.2,753.9,643.5
51.301,1230,person,0.6273,855.0,487.4,906.2,625.5
51.301,1230,person,0.5144,1176.8,417.4,1223.4,510.4
51.301,1230,car,0.4774,183.5,230.9,276.6,276.4
51.301,1230,person,0.4465,1011.6,446.1,1045.8,547.1
51.301,1230,car,0.4349,480.9,231.1,576.0,273.1
51.301,1230,person,0.4293,254.4,329.0,276.4,396.3
51.301,1230,person,0.4118,771.1,559.8,835.4,681.3
51.301,1230,person,0.3854,963.1,434.9,1004.4,538.3
51.301,1230,person,0.3524,901.4,608.3,950.5,720.0
51.301,1230,person,0.3244,864.2,334.2,901.3,389.3
51.301,1230,person,0.2948,748.1,302.9,779.2,366.8
51.301,1230,person,0.2865,1127.4,341.9,1154.6,420.5
51.301,1230,person,0.2618,332.5,299.7,354.4,365.8
51.301,1230,person,0.2507,982.3,387.1,1012.8,454.3
51.718,1240,person,0.8202,974.0,494.5,1029.0,630.6
51.718,1240,person,0.7666,391.7,428.8,432.1,527.1
51.718,1240,person,0.7586,676.7,626.8,745.1,720.0
51.718,1240,car,0.7331,929.9,235.5,1058.8,283.1
51.718,1240,car,0.7185,623.7,297.3,822.3,368.1
51.718,1240,car,0.6951,340.8,229.1,463.8,278.1
51.718,1240,car,0.6429,490.2,254.9,655.3,326.4
51.718,1240,person,0.5706,101.6,368.0,136.6,463.2
51.718,1240,person,0.5501,64.2,346.7,95.3,444.2
51.718,1240,car,0.4526,170.0,253.5,287.8,309.1
51.718,1240,person,0.389,150.0,352.4,180.2,429.8
51.718,1240,person,0.3486,1170.0,378.8,1204.4,460.5
51.718,1240,person,0.267,109.1,272.8,131.7,333.4
52.135,1250,car,0.8671,592.0,482.7,925.7,652.1
52.135,1250,car,0.8342,485.3,249.1,640.9,308.0
52.135,1250,person,0.763,1042.4,505.5,1094.2,634.6
52.135,1250,person,0.7297,97.2,366.7,131.8,460.6
52.135,1250,truck,0.7154,663.2,201.5,829.5,285.1
52.135,1250,car,0.6622,384.6,222.0,493.1,279.7
52.135,1250,person,0.594,1070.9,671.1,1120.9,720.0
52.135,1250,person,0.4804,205.7,288.8,228.9,353.3
52.135,1250,car,0.4391,340.0,219.7,495.0,278.7
52.135,1250,person,0.434,42.5,342.9,75.7,409.3
52.135,1250,person,0.4068,147.9,344.1,178.2,428.1
52.135,1250,person,0.3728,1181.4,588.1,1225.4,719.0
52.135,1250,person,0.3536,139.5,291.0,164.1,353.5
52.135,1250,person,0.3123,124.3,362.9,147.9,431.7
52.135,1250,person,0.2638,1038.3,692.7,1072.1,720.0
52.553,1260,person,0.7749,8.2,388.7,44.7,483.9
52.553,1260,person,0.7241,1001.5,583.4,1048.7,719.8
52.553,1260,person,0.6339,121.2,357.0,148.8,434.3
52.553,1260,person,0.6157,1099.4,544.5,1153.6,693.6
52.553,1260,person,0.5888,1043.2,574.7,1092.3,718.6
52.553,1260,car,0.5806,336.7,218.2,455.2,261.1
52.553,1260,person,0.5219,153.3,350.5,184.5,445.2
52.553,1260,person,0.5118,84.5,366.8,118.8,461.4
52.553,1260,person,0.4523,1051.8,507.5,1099.2,614.4
52.553,1260,person,0.4234,52.5,354.6,90.0,444.5
52.553,1260,person,0.4181,203.1,288.6,231.8,356.4
52.553,1260,bicycle,0.386,271.8,332.6,336.2,393.4
52.553,1260,bicycle,0.3024,270.8,347.5,313.7,394.1
52.553,1260,person,0.2748,132.8,295.9,154.6,336.5
52.553,1260,person,0.271,1048.9,507.0,1099.9,656.1
52.553,1260,person,0.2568,1193.1,618.1,1250.9,720.0
52.97,1270,car,0.8943,833.9,395.9,1166.9,564.2
52.97,1270,person,0.7567,878.9,568.3,944.3,719.5
52.97,1270,person,0.7154,8.7,381.0,49.1,482.8
52.97,1270,person,0.679,1059.9,626.2,1125.1,720.0
52.97,1270,person,0.6562,985.8,576.5,1047.9,718.1
52.97,1270,person,0.6303,1034.7,578.1,1085.2,719.3
52.97,1270,person,0.5827,83.4,373.6,118.4,463.0
52.97,1270,person,0.5564,153.0,348.7,185.8,445.6
52.97,1270,person,0.5372,116.6,336.0,147.9,435.0
52.97,1270,car,0.4945,335.5,218.9,455.3,260.3
52.97,1270,person,0.3831,1080.2,541.4,1117.4,640.8
52.97,1270,person,0.3235,1140.1,635.6,1186.4,720.0
52.97,1270,car,0.291,1066.3,175.1,1213.4,245.0
53.387,1280,bus,0.9296,598.1,238.2,964.6,428.3
53.387,1280,bus,0.8561,360.3,500.2,756.0,717.9
53.387,1280,car,0.8407,1130.0,337.2,1280.0,441.4
53.387,1280,person,0.7593,881.6,569.4,939.1,720.0
53.387,1280,car,0.7059,261.4,265.0,377.0,334.2
53.387,1280,person,0.6391,6.0,390.1,43.2,485.7
53.387,1280,car,0.586,336.7,219.3,453.4,260.2
53.387,1280,person,0.5808,1062.0,604.9,1121.0,720.0
53.387,1280,car,0.575,143.3,235.7,254.4,274.2
53.387,1280,person,0.5126,1088.5,496.8,1140.1,616.2
53.387,1280,person,0.4758,1034.0,572.6,1086.5,719.7
53.387,1280,person,0.4392,124.0,363.6,147.0,433.7
53.387,1280,person,0.438,86.2,364.1,117.5,460.1
53.387,1280,person,0.4012,1139.4,629.5,1179.1,720.0
53.387,1280,person,0.366,152.1,366.1,183.4,442.8
53.387,1280,person,0.3315,1139.6,593.0,1188.4,720.0
53.387,1280,person,0.287,994.1,581.4,1048.0,718.2
53.387,1280,truck,0.2572,359.3,501.2,755.4,717.7
53.804,1290,bus,0.8581,811.2,237.7,1162.7,462.7
53.804,1290,person,0.7092,888.3,569.1,939.7,720.0
53.804,1290,person,0.5713,1062.4,623.8,1121.1,720.0
53.804,1290,car,0.563,1250.5,317.4,1279.4,380.5
53.804,1290,car,0.5608,0.6,604.9,198.0,716.9
53.804,1290,person,0.5515,210.0,295.2,247.8,404.4
53.804,1290,car,0.5336,142.5,234.6,257.0,275.0
53.804,1290,person,0.4495,86.1,371.7,116.8,460.9
53.804,1290,person,0.4479,1084.4,497.2,1140.0,618.3
53.804,1290,person,0.4198,0.0,396.1,24.4,488.0
53.804,1290,person,0.4195,995.9,584.6,1048.8,718.3
53.804,1290,person,0.4134,864.2,679.5,898.1,720.0
53.804,1290,car,0.3869,337.9,220.4,454.9,260.2
53.804,1290,person,0.3565,122.6,368.2,147.5,433.9
53.804,1290,person,0.3477,1139.1,638.9,1168.6,720.0
53.804,1290,person,0.347,1048.2,576.7,1088.2,714.1
53.804,1290,person,0.3333,929.4,610.6,982.0,720.0
53.804,1290,car,0.255,1248.9,287.1,1279.5,381.5
54.221,1300,bus,0.9108,151.5,351.8,778.5,715.2
54.221,1300,person,0.634,887.9,568.3,940.6,720.0
54.221,1300,person,0.5512,993.4,576.3,1048.0,717.1
54.221,1300,person,0.5223,815.4,617.9,872.9,720.0
54.221,1300,person,0.5151,1132.3,550.9,1190.0,699.5
54.221,1300,car,0.5023,143.0,235.9,259.0,275.7
54.221,1300,truck,0.4972,0.0,406.0,160.9,707.7
54.221,1300,person,0.4734,217.5,314.7,252.0,406.3
54.221,1300,car,0.4142,331.2,218.2,454.5,261.0
54.221,1300,person,0.3902,1089.5,497.1,1138.8,619.9
54.221,1300,person,0.3721,928.1,613.6,976.4,720.0
54.221,1300,person,0.3679,1061.2,610.8,1127.9,720.0
54.221,1300,person,0.3159,86.2,370.0,116.9,451.9
54.638,1310,person,0.5623,907.8,612.9,965.2,720.0
54.638,1310,person,0.4857,1062.3,604.4,1124.7,720.0
54.638,1310,person,0.4809,1021.6,452.7,1070.2,557.7
54.638,1310,person,0.4428,56.0,373.3,93.5,471.1
54.638,1310,person,0.4248,278.7,357.3,308.6,430.2
54.638,1310,person,0.4119,205.8,294.0,245.8,404.5
54.638,1310,person,0.3914,93.5,374.1,127.2,463.9
54.638,1310,person,0.3863,1119.9,545.2,1174.5,695.5
54.638,1310,person,0.3801,878.7,569.9,923.1,664.5
54.638,1310,person,0.3733,990.3,575.7,1050.3,715.2
54.638,1310,person,0.3557,871.9,569.6,923.4,714.2
54.638,1310,car,0.3532,140.2,238.0,256.2,275.4
54.638,1310,person,0.3416,1035.8,564.4,1086.6,695.9
54.638,1310,car,0.3337,333.8,219.5,455.2,261.3
54.638,1310,person,0.3066,19.0,399.7,52.6,501.1
54.638,1310,bus,0.2721,1067.5,175.4,1276.9,298.7
54.638,1310,person,0.255,817.0,612.0,862.3,719.4
55.055,1320,person,0.6408,1052.6,545.6,1110.8,682.8
55.055,1320,person,0.6019,1007.9,464.4,1055.9,582.8
55.055,1320,person,0.5086,576.5,342.4,608.6,438.6
55.055,1320,person,0.3662,616.2,447.8,672.2,569.1
55.055,1320,person,0.3462,488.6,429.7,537.7,561.5
55.055,1320,person,0.333,897.5,416.4,932.2,503.1
55.055,1320,person,0.3198,1131.2,416.1,1171.1,536.8
55.055,1320,person,0.276,459.5,444.1,496.9,567.6
55.055,1320,person,0.2628,757.5,569.5,804.8,700.7
55.472,1330,person,0.7583,597.0,424.9,643.8,529.5
55.472,1330,person,0.6633,829.4,480.1,868.9,598.3
55.472,1330,person,0.6033,39.6,655.3,103.8,720.0
55.472,1330,person,0.5959,432.4,512.5,475.4,638.1
55.472,1330,person,0.5136,507.0,333.6,534.5,414.1
55.472,1330,person,0.4375,269.5,413.7,322.4,527.2
55.472,1330,person,0.4207,470.8,588.1,532.0,720.0
55.472,1330,person,0.39,828.2,349.1,872.1,457.4
55.472,1330,person,0.3591,320.3,654.8,369.6,720.0
55.472,1330,person,0.3472,468.6,398.0,502.2,507.0
55.472,1330,person,0.3466,198.6,501.5,246.0,630.9
55.472,1330,person,0.2998,545.1,346.7,576.4,439.0
55.472,1330,person,0.278,1000.4,606.3,1058.4,720.0
55.472,1330,person,0.2685,135.7,578.8,181.1,720.0
55.472,1330,person,0.2625,402.1,650.5,463.8,720.0
55.889,1340,person,0.6766,693.0,589.4,751.1,720.0
55.889,1340,person,0.5902,366.6,503.0,413.8,631.4
55.889,1340,person,0.5855,548.1,588.3,605.7,720.0
55.889,1340,person,0.5715,586.0,404.5,622.2,515.0
55.889,1340,person,0.5677,1055.5,631.1,1128.9,720.0
55.889,1340,person,0.557,257.7,605.4,318.8,720.0
55.889,1340,person,0.5131,242.6,480.2,285.9,591.7
55.889,1340,person,0.4888,666.4,512.6,713.7,659.4
55.889,1340,person,0.4588,196.3,491.8,240.3,608.2
55.889,1340,person,0.4462,1040.7,504.6,1082.7,617.6
55.889,1340,person,0.4143,723.8,527.5,773.7,650.7
55.889,1340,person,0.377,820.9,450.9,859.2,574.0
55.889,1340,person,0.3677,774.8,443.7,813.1,549.9
55.889,1340,person,0.345,456.7,364.9,492.0,450.3
55.889,1340,person,0.3406,652.9,645.3,711.0,719.9
55.889,1340,person,0.3119,497.0,363.2,530.2,446.7
55.889,1340,person,0.3015,469.0,578.3,537.4,720.0
55.889,1340,person,0.3008,2.8,491.1,59.0,622.5
55.889,1340,person,0.2945,710.2,444.4,745.9,545.0
55.889,1340,person,0.2809,694.4,338.7,722.0,414.5
55.889,1340,person,0.2688,1068.8,466.8,1111.1,584.5
56.306,1350,person,0.7188,535.2,584.9,586.2,720.0
56.306,1350,person,0.5922,635.5,510.6,681.3,625.3
56.306,1350,person,0.505,262.6,426.8,295.9,530.8
56.306,1350,person,0.4623,203.4,496.1,250.0,598.5
56.306,1350,person,0.4513,391.2,471.9,435.2,575.1
56.306,1350,person,0.434,554.0,402.7,594.3,530.2
56.306,1350,person,0.4114,466.3,578.5,531.0,720.0
56.306,1350,person,0.3823,888.7,445.2,926.4,552.9
56.306,1350,person,0.3711,997.2,445.1,1034.0,546.9
56.306,1350,person,0.3706,766.9,430.2,803.5,532.8
56.306,1350,person,0.3684,745.1,513.3,792.7,634.0
56.306,1350,person,0.3517,220.5,426.2,255.0,521.2
56.306,1350,person,0.3273,809.3,422.2,845.5,516.9
56.306,1350,person,0.2611,523.6,336.6,551.3,413.9
56.723,1360,person,0.6113,971.1,592.3,1022.4,720.0
56.723,1360,person,0.588,668.7,425.6,709.0,542.1
56.723,1360,person,0.5703,566.4,576.5,610.5,692.5
56.723,1360,person,0.5318,351.8,478.5,393.7,595.2
56.723,1360,person,0.5108,17.6,380.0,49.5,465.2
56.723,1360,person,0.4872,168.3,499.1,210.5,625.4
56.723,1360,person,0.4751,1019.8,603.9,1066.6,720.0
56.723,1360,person,0.4586,812.4,319.5,846.2,400.5
56.723,1360,person,0.4426,949.9,502.7,991.3,612.7
56.723,1360,person,0.4376,318.3,346.6,349.7,424.3
56.723,1360,person,0.4342,907.0,443.7,949.1,567.0
56.723,1360,person,0.4232,225.1,385.5,270.3,492.9
56.723,1360,person,0.4046,797.4,453.1,841.5,576.7
56.723,1360,person,0.3677,53.4,489.5,89.3,606.2
56.723,1360,person,0.3301,260.8,530.1,312.4,648.6
56.723,1360,person,0.3062,176.4,366.8,207.8,440.4
56.723,1360,person,0.2975,22.4,546.0,73.7,674.5
56.723,1360,person,0.2888,518.5,334.9,554.0,412.3
56.723,1360,person,0.2817,427.0,532.9,462.8,660.2
56.723,1360,person,0.2779,1197.5,276.9,1218.9,344.8
57.14,1370,car,0.7941,198.1,233.8,324.7,285.2
57.14,1370,car,0.748,620.8,231.1,775.0,298.4
57.14,1370,person,0.729,251.8,308.5,281.5,388.0
57.14,1370,person,0.6849,87.0,365.8,124.8,461.1
57.14,1370,person,0.6679,964.3,456.4,1012.0,579.6
57.14,1370,person,0.6667,883.4,543.6,945.6,714.5
57.14,1370,person,0.5842,5.9,376.3,34.8,456.7
57.14,1370,car,0.4571,335.2,227.7,423.6,272.8
57.14,1370,person,0.4154,1117.5,411.3,1149.1,513.3
57.14,1370,truck,0.4086,446.8,225.4,596.5,303.3
57.14,1370,car,0.3951,447.3,225.5,597.0,302.5
57.14,1370,motorcycle,0.3929,994.6,313.6,1080.6,367.9
57.14,1370,person,0.3405,158.6,329.1,198.2,433.4
57.14,1370,person,0.3072,45.3,364.0,75.4,448.4
57.14,1370,person,0.2888,156.7,323.7,188.0,417.0
57.14,1370,person,0.2726,968.1,657.6,1026.1,720.0
57.558,1380,car,0.8145,916.0,267.3,1095.4,327.8
57.558,1380,person,0.7715,87.4,366.2,121.6,459.1
57.558,1380,car,0.6977,627.8,300.8,829.3,373.2
57.558,1380,person,0.652,856.0,675.4,914.6,720.0
57.558,1380,person,0.6283,228.5,331.3,259.9,407.4
57.558,1380,person,0.5691,164.1,340.7,199.2,432.2
57.558,1380,person,0.5638,7.5,379.0,41.7,473.2
57.558,1380,person,0.5084,1169.9,535.2,1249.3,718.9
57.558,1380,car,0.4641,207.6,213.9,335.5,269.5
57.558,1380,person,0.3596,1159.6,572.0,1213.7,717.2
57.558,1380,person,0.3291,1189.5,527.9,1256.3,717.9
57.558,1380,car,0.3272,512.1,258.4,632.8,304.0
57.558,1380,person,0.2676,718.5,217.8,739.2,263.2
57.558,1380,car,0.2608,509.2,244.6,661.1,304.3
57.975,1390,car,0.857,438.7,248.8,577.6,303.0
57.975,1390,person,0.8397,994.4,561.7,1064.8,720.0
57.975,1390,person,0.779,227.0,327.1,255.7,408.0
57.975,1390,car,0.7622,526.5,512.8,841.4,698.7
57.975,1390,person,0.679,856.7,674.3,902.3,720.0
57.975,1390,person,0.643,156.1,345.4,182.4,430.2
57.975,1390,person,0.5719,7.0,372.9,40.0,472.5
57.975,1390,person,0.5492,97.8,367.0,134.4,456.4
57.975,1390,truck,0.5302,990.8,226.9,1191.3,352.5
57.975,1390,car,0.4191,801.5,242.6,935.4,282.8
57.975,1390,person,0.3716,1180.7,527.0,1244.7,684.7
57.975,1390,car,0.3177,226.2,212.3,293.9,251.6
57.975,1390,person,0.3101,76.0,348.6,104.0,446.8
57.975,1390,person,0.298,101.1,343.8,138.0,457.1
57.975,1390,person,0.2975,1147.8,612.3,1217.2,719.2
57.975,1390,person,0.2688,1179.2,527.6,1228.2,670.0
57.975,1390,person,0.2616,179.5,341.2,203.6,424.1
57.975,1390,person,0.2595,1179.7,526.3,1269.9,687.2
58.392,1400,bus,0.8825,1027.0,229.8,1280.0,377.5
58.392,1400,person,0.8155,1008.5,563.1,1060.4,720.0
58.392,1400,person,0.7139,232.3,322.7,264.3,402.0
58.392,1400,person,0.6817,94.2,358.8,135.3,455.8
58.392,1400,person,0.637,156.5,343.4,183.7,430.4
58.392,1400,car,0.6304,361.8,218.2,462.7,264.9
58.392,1400,person,0.575,840.3,672.8,892.5,720.0
58.392,1400,person,0.5615,1089.6,623.6,1152.4,720.0
58.392,1400,person,0.5421,9.9,375.2,44.2,474.8
58.392,1400,person,0.4607,1170.7,605.3,1216.3,720.0
58.392,1400,person,0.4398,1160.6,530.9,1212.9,667.5
58.392,1400,person,0.4313,854.2,673.0,893.9,720.0
58.392,1400,person,0.4081,182.8,311.6,215.5,422.2
58.392,1400,person,0.3686,1172.2,606.1,1244.5,720.0
58.392,1400,person,0.2567,1161.6,530.8,1215.9,716.1
58.809,1410,person,0.7593,1061.6,558.6,1119.1,709.2
58.809,1410,person,0.6896,89.5,365.7,125.9,460.8
58.809,1410,person,0.6459,6.7,369.5,44.4,476.1
58.809,1410,person,0.6126,233.1,324.1,265.0,404.5
58.809,1410,person,0.6054,132.3,351.7,162.6,445.8
58.809,1410,person,0.5092,879.9,670.3,910.2,720.0
58.809,1410,person,0.4628,1173.3,536.3,1245.5,720.0
58.809,1410,person,0.4175,155.6,346.0,182.3,429.4
58.809,1410,person,0.3455,184.7,318.4,212.6,424.5
58.809,1410,person,0.2856,1123.1,584.2,1154.2,666.4
59.226,1420,bus,0.9078,678.6,259.3,1027.6,489.9
59.226,1420,car,0.855,96.7,403.7,375.0,518.9
59.226,1420,car,0.8239,0.1,558.7,116.6,674.4
59.226,1420,bus,0.8232,416.9,234.1,820.6,487.8
59.226,1420,person,0.7775,1066.7,540.6,1115.7,686.6
59.226,1420,car,0.6027,1067.7,241.5,1216.9,348.3
59.226,1420,person,0.597,1.1,375.4,46.4,476.7
59.226,1420,person,0.5373,93.1,365.8,134.8,458.4
59.226,1420,person,0.5109,1131.8,534.1,1192.7,686.3
59.226,1420,person,0.5025,218.1,324.6,252.4,404.7
59.226,1420,car,0.4783,271.2,576.0,671.3,716.3
59.226,1420,person,0.4259,184.4,329.2,213.2,417.2
59.226,1420,person,0.4049,155.3,343.8,180.6,430.7
59.226,1420,person,0.4027,131.3,349.5,157.8,440.1
59.226,1420,person,0.3915,45.1,339.9,74.2,414.6
59.226,1420,person,0.3641,1174.9,586.2,1232.8,720.0
59.226,1420,person,0.3135,844.0,670.6,896.7,720.0
59.226,1420,person,0.3004,863.0,671.0,896.5,720.0
59.226,1420,car,0.2755,1066.1,242.0,1279.0,347.7
59.226,1420,person,0.26,1171.9,607.3,1218.3,718.8
59.643,1430,car,0.8669,818.9,416.4,1066.1,571.0
59.643,1430,car,0.8558,293.4,475.3,626.4,660.7
59.643,1430,car,0.822,1066.7,236.3,1178.5,298.7
59.643,1430,car,0.7771,300.9,355.3,529.8,453.1
59.643,1430,car,0.7747,568.6,335.7,767.5,438.5
59.643,1430,person,0.6679,1066.1,542.7,1115.6,674.5
59.643,1430,car,0.6538,1243.4,313.0,1279.6,398.8
59.643,1430,car,0.5871,806.3,227.2,919.5,301.5
59.643,1430,person,0.5782,917.0,615.0,976.6,720.0
59.643,1430,person,0.5726,969.1,584.5,1021.6,704.3
59.643,1430,person,0.57,75.7,368.1,118.1,463.4
59.643,1430,person,0.5433,125.9,351.7,161.3,445.4
59.643,1430,person,0.5344,1147.1,624.7,1197.1,720.0
59.643,1430,person,0.4896,7.2,384.2,40.8,476.6
59.643,1430,person,0.3915,227.1,322.2,251.4,405.0
59.643,1430,person,0.3415,860.6,672.5,897.2,720.0
59.643,1430,car,0.3371,314.4,639.9,635.2,719.8
59.643,1430,person,0.32,844.7,672.3,897.0,720.0
59.643,1430,person,0.2897,37.4,352.5,66.1,438.7
59.643,1430,person,0.2825,1201.7,607.8,1232.9,717.0
59.643,1430,person,0.2763,155.4,334.1,184.2,426.2
59.643,1430,person,0.2639,185.0,332.2,214.0,423.1
60.06,1440,bus,0.9313,0.1,362.6,503.9,714.5
60.06,1440,car,0.8252,578.3,326.0,770.5,419.4
60.06,1440,car,0.6174,907.2,227.5,997.9,289.3
60.06,1440,car,0.6078,1115.6,322.5,1275.9,421.3
60.06,1440,person,0.5001,916.9,614.4,972.7,720.0
60.06,1440,person,0.4836,1055.3,544.6,1113.2,700.5
60.06,1440,person,0.4493,969.9,579.1,1013.7,706.8
60.06,1440,person,0.4017,865.8,679.6,901.2,720.0
60.06,1440,car,0.3959,991.5,233.4,1177.8,323.1
60.06,1440,person,0.3635,995.0,627.1,1057.7,720.0
60.06,1440,person,0.3126,185.0,327.4,225.4,407.4
60.06,1440,person,0.3076,40.5,354.7,65.1,438.0
60.06,1440,person,0.2895,59.3,338.3,86.4,431.4
60.06,1440,person,0.2518,1092.5,529.5,1131.3,686.1
60.477,1450,person,0.519,1044.7,542.7,1096.7,694.6
60.477,1450,person,0.4553,223.8,303.5,258.8,407.7
60.477,1450,person,0.4194,92.2,402.7,119.1,464.0
60.477,1450,person,0.4105,8.1,396.4,41.4,476.8
60.477,1450,person,0.2977,828.2,664.8,874.6,720.0
60.477,1450,person,0.2699,1083.8,529.5,1132.4,614.6
60.894,1460,person,0.4264,1011.0,487.5,1058.0,636.4
60.894,1460,person,0.4151,709.7,533.4,751.0,666.7
60.894,1460,person,0.3391,628.7,451.4,668.9,560.6
60.894,1460,person,0.3222,601.1,609.9,647.3,720.0
60.894,1460,person,0.3219,83.4,565.0,138.1,707.4
60.894,1460,person,0.3031,1187.5,318.5,1216.7,398.9
60.894,1460,person,0.2818,651.8,622.6,700.3,720.0
60.894,1460,person,0.2753,772.0,475.4,812.1,584.2
60.894,1460,person,0.2652,1051.3,456.2,1086.7,582.0
60.894,1460,person,0.262,1115.6,351.4,1148.2,453.3
60.894,1460,person,0.2558,1182.3,649.0,1237.0,720.0
60.894,1460,person,0.2556,231.6,596.5,278.3,681.1
61.311,1470,person,0.7047,722.9,480.6,775.7,622.7
61.311,1470,person,0.5456,1021.9,399.0,1056.3,499.3
61.311,1470,person,0.5116,1193.2,385.3,1230.7,496.2
61.311,1470,person,0.3545,71.9,429.2,113.6,531.5
61.311,1470,person,0.3277,824.4,415.0,859.1,510.9
61.311,1470,person,0.3228,361.7,621.8,400.8,720.0
61.311,1470,person,0.2935,411.0,512.9,456.8,650.0
61.311,1470,person,0.2853,648.4,629.1,690.4,720.0
61.311,1470,person,0.281,763.9,386.7,796.5,484.7
61.311,1470,person,0.2701,1137.9,379.6,1173.4,452.2
61.311,1470,person,0.2621,865.3,412.2,899.6,518.4
61.311,1470,person,0.2529,514.0,422.4,549.4,505.3
61.311,1470,person,0.25,265.1,495.6,296.1,591.0
61.728,1480,person,0.6457,651.3,524.5,705.7,664.5
61.728,1480,person,0.5513,357.3,325.5,384.6,397.1
61.728,1480,person,0.4874,564.0,539.8,622.0,655.0
61.728,1480,person,0.4827,388.0,510.9,430.7,631.6
61.728,1480,person,0.4705,847.1,459.3,888.3,589.8
61.728,1480,person,0.4466,396.7,321.1,424.1,396.9
61.728,1480,person,0.4414,308.4,419.5,347.8,507.7
61.728,1480,person,0.4028,702.2,587.2,755.3,720.0
61.728,1480,person,0.3804,154.5,564.3,203.8,679.4
61.728,1480,person,0.3724,474.3,464.1,509.3,563.9
61.728,1480,person,0.3579,713.9,394.8,746.3,488.7
61.728,1480,person,0.3494,43.3,556.8,92.0,683.0
61.728,1480,person,0.3393,232.3,310.4,256.5,373.8
61.728,1480,person,0.3314,524.1,423.2,561.5,527.8
61.728,1480,person,0.2688,1056.1,390.3,1085.9,474.6
61.728,1480,person,0.2611,777.6,370.2,811.3,458.3
61.728,1480,person,0.258,951.1,492.4,990.1,590.0
61.728,1480,person,0.2501,336.4,464.6,384.8,584.4
62.145,1490,person,0.6111,104.8,601.2,156.1,720.0
62.145,1490,person,0.5888,670.0,456.1,707.9,575.1
62.145,1490,person,0.5728,62.9,546.0,115.1,697.8
62.145,1490,person,0.5587,220.9,392.6,268.6,505.0
62.145,1490,person,0.5412,767.0,399.6,807.0,500.9
62.145,1490,person,0.5216,159.0,527.1,215.8,655.8
62.145,1490,person,0.4773,471.2,581.9,533.1,720.0
62.145,1490,person,0.4697,527.7,512.3,577.5,641.8
62.145,1490,person,0.4268,339.9,369.2,378.3,467.9
62.145,1490,person,0.3798,962.1,543.7,1011.5,675.3
62.145,1490,person,0.3376,682.0,336.0,708.6,401.5
62.145,1490,person,0.3197,720.4,410.4,757.8,501.6
62.145,1490,person,0.3145,368.1,288.3,401.3,361.0
62.145,1490,person,0.3085,973.2,376.2,1002.8,465.0
62.145,1490,person,0.3071,396.2,345.9,426.9,416.4
62.145,1490,person,0.3016,1081.5,511.8,1129.4,644.7
62.145,1490,person,0.2756,778.9,629.6,840.4,720.0
62.145,1490,person,0.2696,829.9,457.2,869.6,566.4
62.145,1490,person,0.2586,676.3,396.3,709.5,469.7
62.563,1500,person,0.6673,968.3,506.1,1010.4,626.5
62.563,1500,person,0.629,701.0,445.8,751.7,557.1
62.563,1500,person,0.5707,89.3,369.9,115.4,455.5
62.563,1500,person,0.5156,337.0,545.7,390.2,698.3
62.563,1500,person,0.5114,841.3,641.1,904.8,720.0
62.563,1500,person,0.5056,0.0,532.8,37.7,659.1
62.563,1500,person,0.493,557.4,645.5,608.3,720.0
62.563,1500,person,0.4903,566.5,395.0,596.8,483.2
62.563,1500,person,0.4838,1122.1,431.3,1156.6,524.7
62.563,1500,person,0.4661,680.5,599.1,732.4,720.0
62.563,1500,person,0.4368,261.7,627.2,301.9,720.0
62.563,1500,person,0.432,1021.0,497.3,1069.0,595.4
62.563,1500,person,0.4275,639.0,440.6,678.9,530.0
62.563,1500,person,0.4122,382.8,402.5,419.1,504.9
62.563,1500,person,0.409,1165.9,442.9,1196.7,524.8
62.563,1500,person,0.4031,937.2,335.5,959.8,401.2
62.563,1500,person,0.3758,57.4,381.8,86.2,456.6
62.563,1500,person,0.3451,669.2,358.3,701.5,449.7
62.563,1500,person,0.3394,1016.0,571.3,1073.6,716.8
62.563,1500,person,0.3106,826.6,385.1,864.2,445.0
62.563,1500,person,0.2926,488.9,390.3,521.6,487.7
62.563,1500,car,0.2851,108.7,212.9,227.8,272.9
62.563,1500,person,0.2778,117.7,324.9,141.5,382.4
62.563,1500,person,0.2776,55.4,361.0,90.4,456.0
62.563,1500,person,0.273,197.6,642.5,241.8,720.0
62.98,1510,car,0.8261,977.6,267.5,1175.0,353.8
62.98,1510,bicycle,0.7674,730.4,478.9,828.0,564.8
62.98,1510,car,0.7641,844.5,226.9,985.0,274.7
62.98,1510,bus,0.7466,416.8,183.7,616.1,330.5
62.98,1510,person,0.6976,988.9,608.3,1050.1,720.0
62.98,1510,person,0.6929,807.8,565.8,872.7,708.6
62.98,1510,person,0.6883,711.8,579.7,758.1,720.0
62.98,1510,person,0.6867,963.5,463.8,1009.6,582.0
62.98,1510,person,0.6575,396.9,280.9,419.9,334.5
62.98,1510,person,0.6306,98.2,367.4,129.5,453.7
62.98,1510,person,0.5906,248.4,318.1,274.1,387.0
62.98,1510,person,0.5248,753.9,446.3,818.9,531.5
62.98,1510,person,0.4666,1052.3,584.4,1096.0,712.2
62.98,1510,person,0.4498,72.4,368.6,99.5,461.9
62.98,1510,person,0.4216,127.4,322.3,165.7,408.8
62.98,1510,person,0.3887,223.8,297.6,249.4,385.3
62.98,1510,person,0.3784,180.8,325.9,210.4,423.7
62.98,1510,person,0.349,988.3,562.9,1039.9,645.4
62.98,1510,car,0.32,134.0,222.8,240.7,275.6
62.98,1510,person,0.293,177.3,338.3,205.9,427.9
62.98,1510,person,0.2566,205.6,323.7,228.5,405.6
63.397,1520,car,0.9083,850.2,460.7,1172.4,610.2
63.397,1520,car,0.8078,731.7,272.1,907.2,331.1
63.397,1520,person,0.715,870.3,586.3,924.3,720.0
63.397,1520,person,0.7092,1068.1,606.2,1111.7,719.3
63.397,1520,person,0.6666,996.7,629.4,1050.0,719.4
63.397,1520,car,0.6463,392.7,235.8,504.7,285.0
63.397,1520,car,0.5916,673.0,232.1,808.4,283.6
63.397,1520,person,0.5341,233.8,305.7,261.2,384.1
63.397,1520,person,0.5232,94.1,371.5,125.7,455.7
63.397,1520,bus,0.4626,862.7,190.3,1032.1,269.0
63.397,1520,person,0.4379,630.1,206.3,651.5,265.6
63.397,1520,person,0.4034,1186.8,581.6,1227.7,692.7
63.397,1520,person,0.3929,1161.1,558.2,1225.8,698.0
63.397,1520,person,0.3605,74.1,371.6,100.2,461.6
63.397,1520,truck,0.264,1222.1,257.9,1279.6,396.1
63.397,1520,person,0.2593,0.0,359.6,24.2,405.4
63.814,1530,car,0.8571,671.8,484.7,996.0,657.2
63.814,1530,car,0.8387,451.0,274.6,627.8,352.4
63.814,1530,person,0.7482,990.9,575.0,1044.4,720.0
63.814,1530,person,0.5999,1135.3,654.1,1194.9,719.9
63.814,1530,person,0.5685,873.0,588.1,926.3,715.5
63.814,1530,person,0.5637,40.3,370.2,84.5,479.0
63.814,1530,person,0.5437,89.4,369.3,122.9,456.5
63.814,1530,person,0.5332,232.2,313.3,260.7,384.3
63.814,1530,person,0.4293,184.6,330.8,213.3,418.1
63.814,1530,car,0.3488,215.6,223.7,316.4,277.1
63.814,1530,person,0.3282,1165.1,603.8,1225.8,718.6
63.814,1530,truck,0.2913,1221.5,259.9,1279.7,398.9
64.231,1540,car,0.829,676.1,463.1,960.6,645.7
64.231,1540,person,0.6546,1013.2,567.0,1061.7,713.7
64.231,1540,person,0.5413,1090.2,630.1,1149.8,720.0
64.231,1540,person,0.5404,41.8,369.5,86.6,479.0
64.231,1540,person,0.4732,868.5,587.3,924.1,705.8
64.231,1540,person,0.4033,1134.7,643.5,1197.6,719.8
64.231,1540,person,0.3943,85.8,368.2,121.8,458.1
64.231,1540,person,0.3524,185.1,336.3,210.4,419.3
64.231,1540,person,0.3494,1168.5,604.5,1231.6,720.0
64.231,1540,car,0.3363,208.5,222.1,321.0,265.1
64.231,1540,person,0.2925,0.2,353.1,33.3,459.6
64.231,1540,person,0.2721,221.1,313.3,246.7,399.0
64.648,1550,person,0.7137,1005.8,567.2,1061.4,713.0
64.648,1550,person,0.662,43.1,367.0,83.9,479.1
64.648,1550,person,0.6179,866.7,586.0,923.6,715.0
64.648,1550,person,0.6111,262.9,328.4,291.8,405.2
64.648,1550,person,0.4721,102.7,371.6,131.8,452.7
64.648,1550,person,0.4511,80.3,371.0,109.1,458.3
64.648,1550,person,0.4448,1097.5,623.4,1149.9,718.4
64.648,1550,person,0.4076,853.7,645.0,901.7,720.0
64.648,1550,person,0.4046,1097.1,623.1,1179.8,719.4
64.648,1550,person,0.4017,1154.0,609.4,1202.3,716.8
64.648,1550,person,0.3459,1189.3,547.7,1248.2,719.9
64.648,1550,person,0.2873,861.1,641.6,900.6,708.7
65.065,1560,bus,0.965,0.2,335.7,544.3,696.8
65.065,1560,bus,0.8738,261.8,471.7,541.7,714.8
65.065,1560,car,0.7845,975.4,265.8,1102.3,333.1
65.065,1560,car,0.6184,534.7,310.1,719.9,399.9
65.065,1560,person,0.5972,868.0,587.7,924.3,707.0
65.065,1560,car,0.5715,1029.2,292.5,1180.3,379.5
65.065,1560,person,0.5704,1060.8,561.9,1101.3,686.3
65.065,1560,car,0.559,757.9,387.5,1002.0,559.1
65.065,1560,truck,0.4306,1030.7,293.4,1181.4,381.3
65.065,1560,person,0.3959,238.5,310.4,266.9,374.3
65.065,1560,truck,0.3835,757.9,386.8,1001.6,558.5
65.065,1560,person,0.3494,1181.3,542.4,1226.1,650.7
65.065,1560,person,0.3398,1082.1,639.3,1120.6,720.0
65.065,1560,person,0.3154,214.4,303.0,243.4,381.3
65.065,1560,person,0.3139,0.0,365.3,26.8,423.6
65.065,1560,person,0.3102,862.5,650.5,903.1,719.8
65.065,1560,person,0.3088,1081.9,634.8,1134.4,720.0
65.065,1560,person,0.3072,1130.4,633.5,1191.8,719.8
65.065,1560,person,0.2991,1202.7,631.8,1246.8,717.8
65.065,1560,person,0.2855,1094.2,640.5,1131.8,720.0
65.065,1560,car,0.2673,1249.1,312.3,1279.6,358.2
65.482,1570,bus,0.8991,370.6,346.5,847.0,671.3
65.482,1570,person,0.7306,933.1,570.1,988.0,720.0
65.482,1570,person,0.6262,849.1,628.4,911.3,720.0
65.482,1570,car,0.6122,1024.6,229.2,1116.2,276.7
65.482,1570,person,0.518,1054.1,560.1,1101.6,667.1
65.482,1570,car,0.4937,873.3,341.8,1069.3,443.5
65.482,1570,car,0.4638,1081.8,280.3,1212.2,358.9
65.482,1570,person,0.4487,1061.5,654.5,1111.6,720.0
65.482,1570,person,0.4243,0.3,377.8,44.0,489.0
65.482,1570,bus,0.414,307.2,198.8,455.7,363.4
65.482,1570,truck,0.3582,306.1,199.0,454.6,363.6
65.482,1570,person,0.3452,230.4,309.7,267.0,385.9
65.482,1570,person,0.3373,1113.7,643.7,1173.9,720.0
65.482,1570,motorcycle,0.3073,287.5,366.6,329.1,423.7
65.899,1580,car,0.7839,1010.5,235.7,1118.3,304.0
65.899,1580,person,0.7786,934.9,571.4,989.5,718.6
65.899,1580,person,0.7339,847.0,628.6,910.6,720.0
65.899,1580,person,0.5471,274.6,312.2,300.0,384.3
65.899,1580,person,0.496,1063.8,544.3,1104.1,640.2
65.899,1580,person,0.4853,234.4,311.3,263.4,383.3
65.899,1580,person,0.4339,1042.5,602.0,1091.2,720.0
65.899,1580,person,0.3581,184.4,320.0,213.1,419.1
65.899,1580,person,0.344,1043.9,603.7,1109.4,720.0
65.899,1580,person,0.3086,59.1,370.4,101.4,478.5
65.899,1580,person,0.2824,0.7,378.9,43.0,489.6
65.899,1580,person,0.2768,1112.2,572.3,1184.0,720.0
65.899,1580,person,0.2704,103.7,371.7,129.6,453.4
66.316,1590,person,0.7733,347.7,276.3,367.5,338.1
66.316,1590,person,0.6723,933.5,571.4,988.1,720.0
66.316,1590,person,0.4697,1113.1,466.2,1157.2,575.2
66.316,1590,person,0.3988,251.0,313.3,278.7,404.0
66.316,1590,person,0.3542,843.9,639.9,898.8,719.8
66.316,1590,person,0.3359,900.7,256.4,922.3,300.0
66.316,1590,person,0.3291,1019.5,523.6,1063.4,639.2
66.316,1590,person,0.2507,849.6,642.7,900.1,701.0
66.733,1600,person,0.5944,710.0,564.1,772.2,718.7
66.733,1600,person,0.5721,470.5,573.1,535.1,719.3
66.733,1600,person,0.5537,1005.2,385.5,1042.2,480.5
66.733,1600,person,0.4831,941.9,410.6,993.7,513.7
66.733,1600,person,0.4329,732.5,365.4,769.9,480.4
66.733,1600,person,0.4139,1142.6,431.7,1192.4,546.6
66.733,1600,person,0.3954,802.7,525.4,877.4,661.4
66.733,1600,person,0.3918,1225.1,372.7,1264.3,462.5
66.733,1600,person,0.3559,661.8,605.0,715.7,720.0
66.733,1600,person,0.3273,1048.1,388.0,1079.0,484.0
66.733,1600,person,0.3223,543.7,506.9,589.5,632.4
66.733,1600,person,0.3159,699.4,510.2,732.5,609.7
66.733,1600,person,0.3148,389.3,602.3,452.3,720.0
66.733,1600,person,0.2752,1077.0,363.8,1107.8,456.6
67.15,1610,person,0.6982,191.9,431.7,232.9,542.0
67.15,1610,person,0.5073,417.6,399.8,458.1,509.0
67.15,1610,person,0.4483,134.3,540.3,177.3,693.5
67.15,1610,person,0.4467,768.9,568.1,824.4,718.8
67.15,1610,person,0.4432,162.9,559.7,208.1,716.8
67.15,1610,person,0.4097,879.5,531.1,931.3,680.2
67.15,1610,person,0.3918,1157.2,579.0,1218.2,720.0
67.15,1610,person,0.3572,86.6,645.4,149.4,720.0
67.15,1610,person,0.3343,517.2,394.3,545.6,483.2
67.15,1610,person,0.3021,491.1,367.5,517.3,452.2
67.15,1610,person,0.29,729.1,658.8,779.3,720.0
67.15,1610,person,0.2844,600.0,587.5,644.4,720.0
67.15,1610,person,0.2651,1092.5,463.9,1136.8,571.7
67.568,1620,person,0.4753,498.6,416.6,533.3,505.8
67.568,1620,person,0.4734,287.3,500.9,325.8,628.0
67.568,1620,person,0.472,32.2,499.9,81.2,622.1
67.568,1620,person,0.413,525.6,532.5,576.7,663.0
67.568,1620,person,0.4103,890.4,537.3,943.2,691.9
67.568,1620,person,0.3753,719.5,469.2,754.5,578.4
67.568,1620,person,0.3603,412.7,520.7,454.0,642.8
67.568,1620,person,0.3572,794.7,561.5,843.7,702.7
67.568,1620,person,0.3127,1034.1,522.9,1079.7,650.2
67.568,1620,person,0.3015,389.9,499.6,430.9,612.5
67.568,1620,person,0.2966,675.3,654.9,735.9,720.0
67.568,1620,person,0.2915,300.7,356.3,332.7,437.1
67.568,1620,person,0.2902,219.3,541.1,259.9,645.3
67.985,1630,person,0.5562,429.2,493.1,477.1,615.1
67.985,1630,person,0.5294,668.0,548.2,704.8,662.5
67.985,1630,person,0.5117,624.2,476.5,672.9,601.4
67.985,1630,person,0.5007,472.0,590.0,536.5,719.6
67.985,1630,person,0.4653,145.8,545.3,189.7,664.8
67.985,1630,person,0.4431,909.7,576.3,963.8,716.0
67.985,1630,person,0.4424,300.6,639.8,369.4,720.0
67.985,1630,person,0.4401,64.3,618.7,107.9,719.5
67.985,1630,person,0.3947,523.2,518.2,564.5,650.0
67.985,1630,person,0.3936,183.2,513.0,231.3,663.0
67.985,1630,person,0.3426,873.2,654.9,926.8,720.0
67.985,1630,person,0.3287,711.4,509.7,755.0,631.1
67.985,1630,car,0.317,216.1,223.2,352.8,269.7
67.985,1630,person,0.2835,160.2,429.5,193.5,518.7
67.985,1630,person,0.2807,825.4,294.1,847.9,352.3
67.985,1630,person,0.2787,863.9,540.9,904.1,649.4
67.985,1630,person,0.2517,506.0,489.9,547.0,596.9
68.402,1640,person,0.6396,287.4,445.4,335.2,559.3
68.402,1640,person,0.6385,475.7,360.5,508.0,455.7
68.402,1640,person,0.5983,723.2,536.2,768.0,663.2
68.402,1640,person,0.5663,612.3,366.5,639.6,445.0
68.402,1640,person,0.5456,5.9,391.5,38.3,476.2
68.402,1640,person,0.5308,979.2,468.5,1025.0,595.6
68.402,1640,person,0.5162,500.7,483.1,559.4,644.2
68.402,1640,person,0.5079,1024.0,456.9,1074.7,571.6
68.402,1640,person,0.4995,622.8,616.5,682.1,720.0
68.402,1640,person,0.4902,944.1,375.9,980.3,465.8
68.402,1640,person,0.4861,252.4,462.9,286.0,557.7
68.402,1640,person,0.4791,100.7,332.4,141.1,436.8
68.402,1640,person,0.4322,247.8,396.4,282.9,481.6
68.402,1640,person,0.4261,49.9,416.5,97.0,495.0
68.402,1640,person,0.3992,880.2,645.3,942.0,720.0
68.402,1640,person,0.3934,831.3,550.5,887.7,708.8
68.402,1640,person,0.3548,990.3,367.1,1018.0,445.8
68.402,1640,person,0.3455,680.8,642.6,743.5,720.0
68.402,1640,person,0.3109,565.6,475.2,621.7,576.1
68.402,1640,person,0.2973,1091.6,362.1,1118.6,443.8
68.402,1640,person,0.2804,684.8,565.0,718.2,651.9
68.402,1640,person,0.2604,747.0,431.0,799.9,546.6
68.819,1650,person,0.818,945.9,528.1,996.8,665.5
68.819,1650,person,0.7712,860.9,432.6,899.8,559.1
68.819,1650,car,0.7508,696.9,301.7,901.2,379.7
68.819,1650,car,0.7243,789.0,270.4,943.1,335.2
68.819,1650,car,0.7188,361.1,239.3,497.2,296.8
68.819,1650,person,0.6968,1042.1,422.7,1076.6,523.5
68.819,1650,car,0.6725,1199.9,279.1,1279.5,338.7
68.819,1650,person,0.6206,1010.5,415.8,1042.5,519.6
68.819,1650,person,0.5397,11.4,384.8,48.3,474.9
68.819,1650,person,0.525,131.6,322.9,166.5,418.5
68.819,1650,car,0.5116,180.0,212.2,300.2,264.2
68.819,1650,person,0.469,214.5,313.6,245.8,397.3
68.819,1650,person,0.3928,884.0,587.7,931.7,715.0
68.819,1650,person,0.3864,1010.6,458.3,1039.7,519.9
68.819,1650,person,0.3102,886.7,588.3,930.8,656.9
68.819,1650,person,0.305,175.0,336.9,200.9,431.1
68.819,1650,person,0.2859,51.3,381.7,85.8,447.0
68.819,1650,person,0.2768,204.1,309.8,238.7,405.0
69.236,1660,car,0.8043,682.7,304.8,890.3,382.4
69.236,1660,car,0.7901,1119.2,291.5,1279.5,362.8
69.236,1660,car,0.7268,1025.1,272.2,1165.0,327.2
69.236,1660,person,0.636,233.1,327.9,253.7,387.8
69.236,1660,person,0.6008,0.0,361.5,32.4,469.6
69.236,1660,car,0.5243,634.8,281.6,768.8,337.5
69.236,1660,person,0.4844,126.5,301.8,151.2,379.5
69.236,1660,person,0.4717,194.6,302.0,228.0,403.6
69.236,1660,car,0.4581,181.1,210.4,282.8,250.5
69.236,1660,person,0.3812,549.8,194.5,575.0,260.6
69.236,1660,car,0.3575,202.6,256.0,326.8,312.0
69.236,1660,person,0.342,193.0,301.5,224.1,384.4
69.236,1660,car,0.2909,1030.0,261.2,1193.1,326.0
69.236,1660,person,0.2625,111.0,313.0,129.6,366.4
69.653,1670,car,0.7844,855.7,170.2,1009.1,314.2
69.653,1670,car,0.7822,1066.5,158.6,1217.4,305.3
69.653,1670,car,0.7782,1147.2,22.2,1279.5,165.9
69.653,1670,person,0.7546,425.1,373.9,492.6,490.5
69.653,1670,car,0.7079,918.9,55.8,1060.3,192.6
69.653,1670,person,0.7032,73.7,150.0,127.8,258.7
69.653,1670,car,0.6793,678.7,129.5,837.4,300.7
69.653,1670,person,0.6239,481.5,349.1,536.0,465.1
69.653,1670,person,0.6067,964.5,286.5,1050.0,412.2
69.653,1670,person,0.5793,282.2,8.1,325.6,149.8
69.653,1670,person,0.5717,1195.0,387.2,1259.4,497.1
69.653,1670,car,0.5556,452.1,173.5,626.4,346.0
69.653,1670,person,0.5469,1085.9,371.8,1142.0,493.7
69.653,1670,person,0.5375,406.3,337.0,443.7,459.6
69.653,1670,car,0.5174,1001.8,1.0,1134.7,74.6
69.653,1670,person,0.5046,629.6,360.2,666.0,484.5
69.653,1670,person,0.5022,65.5,274.4,115.1,385.7
69.653,1670,person,0.4927,160.4,309.1,209.6,414.4
69.653,1670,person,0.4825,286.3,44.0,325.9,149.5
69.653,1670,car,0.4809,749.2,12.6,901.5,165.9
69.653,1670,truck,0.4564,454.0,175.3,626.4,347.0
69.653,1670,person,0.444,633.7,345.6,682.0,486.1
69.653,1670,person,0.4358,553.7,365.2,606.4,472.4
69.653,1670,person,0.413,1156.8,353.7,1199.3,483.2
69.653,1670,person,0.3991,91.9,252.4,133.0,370.7
69.653,1670,person,0.3902,313.7,0.0,354.8,94.0
69.653,1670,person,0.3783,1010.7,280.2,1054.1,401.0
69.653,1670,person,0.3776,640.4,346.4,679.9,460.1
69.653,1670,person,0.3764,865.6,343.1,908.4,462.3
69.653,1670,bicycle,0.3567,269.6,325.2,313.5,429.4
69.653,1670,person,0.33,185.2,27.3,210.8,129.2
69.653,1670,person,0.3145,180.7,231.3,227.0,378.5
69.653,1670,person,0.3038,329.1,49.6,368.0,150.5
69.653,1670,person,0.2981,154.7,29.4,181.8,130.9
69.653,1670,person,0.2876,788.9,261.8,818.9,356.8
69.653,1670,person,0.2779,315.6,0.0,356.8,132.2
69.653,1670,person,0.2611,179.0,235.2,216.8,320.1
69.653,1670,person,0.2579,759.9,323.0,802.0,434.6
70.07,1680,car,0.7875,1148.2,23.1,1279.5,165.9
70.07,1680,car,0.7823,1067.4,158.0,1217.0,305.2
70.07,1680,person,0.7379,24.6,338.8,73.4,456.4
70.07,1680,car,0.73,918.9,55.8,1061.6,192.5
70.07,1680,car,0.7242,677.9,129.5,838.7,302.0
70.07,1680,car,0.6923,855.9,171.2,1009.4,317.2
70.07,1680,person,0.6552,162.5,299.3,211.5,414.9
70.07,1680,person,0.6431,967.4,401.9,1038.0,518.2
70.07,1680,person,0.6223,347.3,304.2,399.1,414.7
70.07,1680,person,0.5958,1036.2,375.3,1096.5,498.6
70.07,1680,person,0.5922,732.0,367.8,790.4,489.0
70.07,1680,car,0.5705,454.3,184.2,626.4,345.6
70.07,1680,person,0.5663,578.5,348.4,621.9,467.2
70.07,1680,car,0.554,1002.0,0.9,1135.1,75.2
70.07,1680,person,0.4515,774.3,336.9,816.9,471.2
70.07,1680,person,0.4209,692.6,331.8,737.7,453.3
70.07,1680,person,0.4069,638.8,98.5,676.4,189.6
70.07,1680,person,0.3979,263.4,256.9,321.5,406.1
70.07,1680,car,0.3959,749.4,16.6,902.1,165.8
70.07,1680,person,0.3776,1197.5,256.0,1258.2,367.8
70.07,1680,person,0.3661,850.5,391.8,902.1,514.3
70.07,1680,person,0.3548,308.8,153.6,352.0,254.8
70.07,1680,person,0.3386,91.6,164.8,132.2,253.0
70.07,1680,person,0.3251,1132.9,289.0,1176.0,393.5
70.07,1680,person,0.2941,183.0,231.9,216.0,320.2
70.07,1680,person,0.2795,90.7,111.8,135.4,254.1
70.07,1680,person,0.2728,1006.4,338.7,1047.4,487.3
70.487,1690,car,0.7935,1148.0,24.0,1279.5,166.2
70.487,1690,car,0.7907,1107.9,576.6,1278.9,681.4
70.487,1690,car,0.7771,1066.3,159.9,1218.9,308.2
70.487,1690,car,0.7013,918.7,55.8,1062.0,193.0
70.487,1690,person,0.6934,965.2,327.0,1026.1,446.7
70.487,1690,person,0.6696,90.4,145.3,135.1,254.5
70.487,1690,person,0.6646,168.3,306.6,215.1,419.5
70.487,1690,person,0.6408,1176.1,381.0,1235.3,502.2
70.487,1690,person,0.6203,421.9,340.0,476.7,459.6
70.487,1690,person,0.6066,283.5,341.9,351.3,466.4
70.487,1690,car,0.5827,859.7,171.2,1010.5,296.6
70.487,1690,car,0.5783,678.8,130.1,838.7,294.7
70.487,1690,person,0.5433,694.5,372.3,736.7,510.9
70.487,1690,person,0.5348,1.3,335.5,47.8,476.6
70.487,1690,car,0.5176,450.6,175.2,627.2,348.1
70.487,1690,person,0.51,757.9,334.9,810.1,481.4
70.487,1690,person,0.5021,66.4,284.1,108.9,389.3
70.487,1690,person,0.4984,230.3,232.8,265.7,348.4
70.487,1690,person,0.4959,183.9,232.6,218.6,328.0
70.487,1690,person,0.4217,485.1,276.7,538.6,400.1
70.487,1690,person,0.4094,1070.7,346.8,1120.9,467.9
70.487,1690,person,0.3887,0.7,190.2,38.5,289.5
70.487,1690,person,0.3404,644.2,376.3,713.5,507.1
70.487,1690,person,0.3286,532.2,346.3,599.2,489.4
70.487,1690,car,0.3283,750.4,10.5,902.0,165.2
70.487,1690,person,0.3153,556.3,366.7,596.3,491.1
70.487,1690,person,0.3068,1123.7,368.0,1169.0,466.7
70.487,1690,person,0.3029,63.4,292.4,99.3,393.0
70.487,1690,person,0.3009,929.2,258.8,979.7,372.1
70.487,1690,person,0.2982,769.9,338.7,812.8,473.0
70.487,1690,person,0.2897,1113.4,297.7,1154.2,416.9
70.487,1690,person,0.2761,78.7,277.5,109.4,386.7
70.487,1690,person,0.2686,858.4,272.0,907.2,378.6
70.487,1690,truck,0.2501,750.2,14.7,902.0,165.6
70.904,1700,car,0.8299,1148.9,21.9,1279.5,165.7
70.904,1700,car,0.8045,858.6,170.0,1009.7,315.6
70.904,1700,person,0.7706,921.2,318.0,960.1,431.0
70.904,1700,car,0.7647,1069.8,159.0,1219.3,317.6
70.904,1700,person,0.6679,394.2,361.9,466.6,505.6
70.904,1700,person,0.6235,676.3,270.3,734.0,385.8
70.904,1700,person,0.5914,1016.7,289.6,1051.4,394.2
70.904,1700,person,0.5673,90.1,146.2,132.8,254.7
70.904,1700,car,0.5565,679.8,128.7,838.8,298.2
70.904,1700,person,0.5448,339.5,381.0,390.0,498.4
70.904,1700,person,0.5342,38.6,365.2,99.5,489.2
70.904,1700,car,0.5338,1001.5,0.8,1135.8,76.8
70.904,1700,person,0.5089,81.3,346.6,114.9,460.4
70.904,1700,car,0.5031,920.7,57.6,1061.9,192.5
70.904,1700,person,0.5024,838.6,308.0,892.7,427.2
70.904,1700,person,0.4765,1200.7,352.9,1269.2,489.9
70.904,1700,car,0.4141,749.8,23.0,902.5,165.6
70.904,1700,person,0.391,181.1,78.5,218.4,182.8
70.904,1700,person,0.3869,7.5,322.7,57.0,449.5
70.904,1700,person,0.3839,313.5,15.3,351.0,118.0
70.904,1700,truck,0.3683,455.2,182.4,630.0,351.6
70.904,1700,car,0.3615,453.7,182.4,629.2,350.7
70.904,1700,person,0.3606,1244.8,314.2,1279.7,487.9
70.904,1700,person,0.3564,849.4,319.9,891.4,424.7
70.904,1700,person,0.3486,259.2,365.4,314.9,489.9
70.904,1700,person,0.3483,178.0,298.6,215.0,419.9
70.904,1700,person,0.3417,273.8,381.4,315.2,491.5
70.904,1700,person,0.3067,493.3,339.8,535.5,462.9
70.904,1700,person,0.3024,585.4,285.1,634.3,393.0
70.904,1700,person,0.2947,436.5,346.7,477.7,456.3
70.904,1700,person,0.2769,257.2,364.0,286.7,485.7
70.904,1700,person,0.2612,1131.5,373.7,1191.2,480.9
71.321,1710,car,0.8032,679.9,129.1,838.9,297.4
71.321,1710,car,0.8016,858.2,169.6,1009.6,314.1
71.321,1710,car,0.8005,0.4,601.0,296.1,717.4
71.321,1710,car,0.7919,1148.8,22.3,1279.5,165.6
71.321,1710,car,0.7616,1059.8,158.3,1219.1,308.1
71.321,1710,car,0.7123,919.4,57.9,1061.9,192.0
71.321,1710,person,0.7047,583.5,17.2,631.9,125.9
71.321,1710,car,0.6757,0.9,473.5,341.7,597.0
71.321,1710,person,0.6226,904.4,349.3,954.7,487.7
71.321,1710,person,0.612,25.0,383.1,59.2,496.7
71.321,1710,person,0.6108,361.1,149.5,408.4,271.8
71.321,1710,car,0.5787,1001.0,0.7,1136.3,75.8
71.321,1710,person,0.5755,788.5,305.7,822.6,406.7
71.321,1710,person,0.5534,1058.7,370.0,1103.6,487.2
71.321,1710,person,0.5509,1147.8,314.7,1202.9,419.5
71.321,1710,person,0.5374,1229.8,300.7,1265.4,415.4
71.321,1710,car,0.5084,453.2,185.5,628.2,345.0
71.321,1710,person,0.4723,558.8,299.9,597.8,424.1
71.321,1710,person,0.4443,69.4,390.8,106.5,496.8
71.321,1710,person,0.4368,475.7,346.0,511.7,442.7
71.321,1710,person,0.4245,25.6,140.8,54.8,234.4
71.321,1710,car,0.419,750.0,26.7,901.3,165.4
71.321,1710,truck,0.4169,449.4,183.4,628.1,346.8
71.321,1710,person,0.4164,48.8,232.6,82.3,336.6
71.321,1710,person,0.4138,55.6,142.7,91.3,241.7
71.321,1710,person,0.3958,1029.2,257.1,1076.3,370.6
71.321,1710,person,0.3829,980.8,350.1,1026.3,465.9
71.321,1710,person,0.3406,826.3,305.0,885.4,423.4
71.321,1710,person,0.3391,428.3,267.4,484.6,386.3
71.321,1710,person,0.309,1079.0,352.1,1107.2,427.5
71.321,1710,person,0.3083,719.0,0.2,766.0,86.3
71.738,1720,car,0.8039,1148.2,22.4,1279.4,166.2
71.738,1720,car,0.7994,1066.9,159.0,1217.7,306.3
71.738,1720,car,0.7861,856.5,171.2,1008.7,313.0
71.738,1720,car,0.7301,679.9,128.5,839.4,297.5
71.738,1720,car,0.7145,920.0,56.8,1062.2,193.8
71.738,1720,person,0.6671,389.4,77.0,440.0,185.9
71.738,1720,person,0.634,601.1,336.3,671.9,486.6
71.738,1720,person,0.6301,317.8,52.0,366.2,169.9
71.738,1720,car,0.621,455.2,188.2,629.4,344.2
71.738,1720,person,0.5972,730.4,384.0,790.9,500.5
71.738,1720,car,0.5814,0.9,607.5,301.1,715.9
71.738,1720,car,0.569,1002.0,0.5,1136.6,75.5
71.738,1720,person,0.5184,775.3,345.1,819.7,466.7
71.738,1720,person,0.4735,534.2,316.0,569.4,426.9
71.738,1720,person,0.4393,934.8,262.5,982.1,382.2
71.738,1720,person,0.4023,33.8,392.0,73.3,502.1
71.738,1720,car,0.3701,751.2,8.6,902.3,165.1
71.738,1720,person,0.3631,150.0,79.5,190.2,180.2
71.738,1720,person,0.3482,634.1,253.5,666.5,346.9
71.738,1720,person,0.3413,701.6,364.2,739.5,469.1
71.738,1720,person,0.3273,7.4,385.0,45.2,501.5
71.738,1720,person,0.3215,119.5,396.6,163.7,497.9
71.738,1720,person,0.3104,639.5,324.5,677.5,439.1
71.738,1720,person,0.2567,565.9,310.8,601.5,421.5
72.155,1730,car,0.8544,407.9,623.5,775.1,713.7
72.155,1730,car,0.837,857.0,169.8,1010.7,313.0
72.155,1730,car,0.7919,1148.9,22.4,1279.5,166.8
72.155,1730,person,0.78,457.1,374.1,520.2,488.5
72.155,1730,car,0.7755,919.9,57.5,1062.8,192.8
72.155,1730,car,0.7741,1066.8,159.2,1218.0,306.7
72.155,1730,person,0.759,1130.1,375.1,1197.4,479.0
72.155,1730,car,0.7523,679.5,128.2,840.3,296.6
72.155,1730,person,0.7303,219.2,339.5,275.6,458.5
72.155,1730,person,0.6104,899.6,335.7,942.4,451.0
72.155,1730,person,0.602,938.1,327.5,991.4,441.0
72.155,1730,car,0.5858,455.2,185.7,629.5,345.1
72.155,1730,person,0.559,1053.8,344.5,1093.1,448.1
72.155,1730,person,0.5527,312.8,362.2,363.2,495.5
72.155,1730,person,0.5342,76.9,343.0,146.6,459.3
72.155,1730,person,0.5015,10.2,128.9,48.7,239.1
72.155,1730,person,0.5012,32.1,398.4,73.9,502.8
72.155,1730,car,0.4894,1002.5,0.9,1126.2,73.1
72.155,1730,person,0.4815,183.0,232.1,214.3,335.0
72.155,1730,person,0.4788,356.4,334.4,394.8,441.2
72.155,1730,person,0.4711,44.0,145.4,78.9,246.9
72.155,1730,person,0.4677,497.4,350.1,544.4,466.1
72.155,1730,person,0.4571,205.1,259.4,242.8,378.4
72.155,1730,person,0.4409,5.9,351.3,49.6,503.1
72.155,1730,person,0.3932,164.9,349.8,214.2,424.7
72.155,1730,car,0.3695,750.5,6.8,902.7,164.7
72.155,1730,person,0.3217,603.4,268.3,628.8,338.2
72.155,1730,person,0.2991,541.1,300.2,580.0,408.2
72.155,1730,person,0.2683,76.9,232.3,114.3,351.4
72.155,1730,person,0.2562,433.9,354.9,473.5,463.3
72.573,1740,car,0.8747,0.8,603.6,337.8,717.9
72.573,1740,car,0.7991,857.3,170.8,1010.3,312.1
72.573,1740,car,0.7983,1066.9,158.4,1219.2,307.5
72.573,1740,car,0.7941,1149.3,22.1,1279.5,166.3
72.573,1740,car,0.7773,679.9,128.3,840.5,296.9
72.573,1740,car,0.7236,919.5,57.0,1062.3,192.5
72.573,1740,person,0.7096,772.7,356.9,825.0,460.2
72.573,1740,car,0.6918,455.9,184.3,628.3,346.9
72.573,1740,person,0.6536,185.5,365.0,245.5,494.5
72.573,1740,person,0.6192,497.5,312.0,561.9,415.9
72.573,1740,person,0.5844,1192.5,350.4,1238.2,471.2
72.573,1740,person,0.5779,183.3,233.6,219.3,335.1
72.573,1740,person,0.5538,60.2,348.0,115.8,496.4
72.573,1740,car,0.5438,1002.6,0.4,1136.5,75.4
72.573,1740,person,0.5278,147.7,346.8,194.6,449.3
72.573,1740,person,0.5226,77.6,232.7,119.9,340.0
72.573,1740,person,0.4925,34.3,383.7,73.8,504.3
72.573,1740,person,0.4578,296.9,25.4,329.8,122.0
72.573,1740,person,0.4406,5.5,381.2,45.2,504.3
72.573,1740,person,0.4235,99.2,143.7,145.3,252.4
72.573,1740,person,0.4176,484.9,328.8,560.2,415.4
72.573,1740,car,0.4114,750.9,50.7,866.5,166.8
72.573,1740,person,0.4098,229.7,240.4,256.6,343.5
72.573,1740,person,0.3932,206.7,352.0,246.8,469.2
72.573,1740,person,0.3704,1074.3,311.6,1133.7,420.2
72.573,1740,person,0.3402,1219.6,341.1,1258.7,463.3
72.573,1740,person,0.318,232.3,345.8,273.8,458.1
72.573,1740,person,0.3143,830.6,337.9,882.4,445.8
72.573,1740,person,0.3087,855.7,60.1,899.7,169.8
72.573,1740,person,0.2911,20.7,390.0,71.4,505.6
72.573,1740,person,0.2752,1198.3,342.7,1258.6,470.4
72.573,1740,bus,0.2608,0.4,1.6,211.4,248.1
72.573,1740,person,0.2604,805.4,311.9,845.6,418.1
72.99,1750,car,0.8102,856.7,171.4,1010.4,314.6
72.99,1750,car,0.8012,1067.4,159.7,1218.3,306.5
72.99,1750,car,0.7992,1148.8,21.6,1279.5,166.6
72.99,1750,car,0.7764,680.0,128.1,840.6,296.4
72.99,1750,car,0.7539,455.6,188.6,629.3,344.6
72.99,1750,car,0.721,920.4,56.3,1062.9,192.6
72.99,1750,person,0.6651,1087.2,297.3,1144.5,467.0
72.99,1750,car,0.6426,624.5,631.1,933.4,717.4
72.99,1750,person,0.6233,663.9,329.3,715.0,432.0
72.99,1750,person,0.5954,1163.2,336.4,1198.5,449.9
72.99,1750,car,0.5868,1002.6,0.5,1137.2,74.6
72.99,1750,person,0.5761,92.7,145.7,139.1,253.0
72.99,1750,person,0.5675,184.4,236.3,221.5,336.4
72.99,1750,person,0.5245,510.4,124.4,556.8,190.1
72.99,1750,person,0.5186,35.0,387.5,73.9,503.1
72.99,1750,person,0.5029,76.5,345.6,113.8,470.2
72.99,1750,person,0.5027,511.0,124.4,560.7,218.1
72.99,1750,person,0.4795,228.2,237.0,267.4,347.5
72.99,1750,person,0.4505,7.0,384.5,44.4,503.6
72.99,1750,person,0.4339,291.5,182.3,334.9,314.8
72.99,1750,person,0.4055,1090.0,340.9,1143.9,467.1
72.99,1750,person,0.3887,131.0,31.0,165.6,117.8
72.99,1750,car,0.3819,751.9,6.7,902.0,164.4
72.99,1750,person,0.2812,917.0,282.9,977.5,391.2
72.99,1750,person,0.2771,179.2,24.8,214.3,120.7
73.407,1760,car,0.8451,73.7,608.3,433.2,718.9
73.407,1760,car,0.8306,858.0,170.1,1010.9,311.5
73.407,1760,car,0.7833,1148.9,21.9,1279.4,166.0
73.407,1760,car,0.7573,679.6,127.8,840.8,295.2
73.407,1760,car,0.7205,1067.8,158.4,1220.1,305.2
73.407,1760,car,0.7015,921.1,56.5,1063.0,193.1
73.407,1760,car,0.6689,455.7,185.3,628.7,344.3
73.407,1760,person,0.6442,1156.5,257.0,1211.0,381.3
73.407,1760,car,0.6131,1002.6,0.6,1137.0,73.3
73.407,1760,person,0.6019,1208.3,308.1,1257.8,413.5
73.407,1760,person,0.5795,278.1,341.2,360.4,461.4
73.407,1760,person,0.5602,152.1,328.2,189.8,441.0
73.407,1760,person,0.5477,36.7,390.3,74.1,503.0
73.407,1760,person,0.5451,88.9,380.5,137.9,500.9
73.407,1760,person,0.4524,8.0,382.9,44.3,503.9
73.407,1760,person,0.422,71.2,256.2,107.5,361.6
73.407,1760,car,0.3963,751.9,14.7,902.6,164.8
73.407,1760,person,0.3631,129.4,144.4,170.6,249.5
73.407,1760,person,0.3313,525.1,166.7,563.8,219.3
73.407,1760,person,0.3097,185.1,225.6,217.3,336.4
73.407,1760,person,0.292,806.5,1.2,843.7,50.4
73.824,1770,bus,0.9151,303.9,489.3,794.4,718.5
73.824,1770,car,0.8061,1149.5,21.6,1279.4,166.4
73.824,1770,car,0.8024,1067.9,158.9,1218.7,305.9
73.824,1770,car,0.8,858.0,169.0,1009.8,315.1
73.824,1770,car,0.7615,921.8,56.4,1062.6,191.0
73.824,1770,car,0.7221,679.3,127.3,839.7,298.2
73.824,1770,car,0.7042,1172.2,638.9,1279.3,718.8
73.824,1770,car,0.6824,455.6,187.5,628.7,343.9
73.824,1770,person,0.6593,770.7,268.0,825.4,379.7
73.824,1770,car,0.6395,1002.5,0.8,1137.1,73.6
73.824,1770,person,0.5274,37.3,392.4,74.5,504.2
73.824,1770,person,0.5181,78.2,396.4,122.4,521.5
73.824,1770,person,0.4924,882.5,297.2,934.7,402.1
73.824,1770,person,0.4775,133.4,394.4,176.7,507.9
73.824,1770,person,0.474,187.3,229.1,220.5,333.8
73.824,1770,car,0.4483,751.5,14.5,902.7,164.5
73.824,1770,person,0.438,978.6,273.5,1030.3,414.8
73.824,1770,person,0.4075,9.5,391.8,44.6,504.9
73.824,1770,person,0.4053,199.5,369.4,242.0,473.7
73.824,1770,person,0.3685,230.0,234.7,266.2,343.8
73.824,1770,person,0.3518,525.2,166.7,563.7,219.3
73.824,1770,person,0.297,981.6,270.4,1022.4,361.2
73.824,1770,person,0.2955,806.3,0.9,843.8,50.5
73.824,1770,person,0.29,976.4,325.6,1031.2,424.9
74.241,1780,car,0.8238,857.9,170.5,1009.9,311.9
74.241,1780,car,0.7777,1066.8,160.3,1217.5,306.6
74.241,1780,car,0.7681,1149.3,21.6,1279.4,166.1
74.241,1780,person,0.7393,124.7,411.9,169.0,529.7
74.241,1780,car,0.72,921.1,56.8,1063.3,192.7
74.241,1780,car,0.7054,679.9,127.5,841.3,297.2
74.241,1780,person,0.685,545.6,289.1,609.4,399.3
74.241,1780,person,0.6672,377.1,281.8,431.3,392.1
74.241,1780,car,0.6481,1002.0,0.8,1137.5,73.5
74.241,1780,person,0.5754,77.2,395.2,121.9,521.5
74.241,1780,person,0.5344,92.2,242.5,144.7,351.1
74.241,1780,car,0.5319,699.8,0.0,832.6,47.6
74.241,1780,person,0.5168,38.5,391.8,74.1,504.0
74.241,1780,person,0.5157,783.7,363.0,822.9,463.9
74.241,1780,car,0.439,749.2,24.6,903.7,165.4
74.241,1780,person,0.4207,8.5,390.9,44.5,503.9
74.241,1780,bus,0.4201,1041.7,510.7,1279.7,720.0
74.241,1780,person,0.3984,307.5,121.9,344.5,229.3
74.241,1780,person,0.3799,525.8,167.5,563.6,217.8
74.241,1780,person,0.3791,207.9,271.9,249.3,375.7
74.241,1780,car,0.3454,454.7,189.5,629.8,344.9
74.241,1780,person,0.3167,647.2,332.8,688.7,430.5
74.241,1780,person,0.2933,654.1,281.4,687.0,359.8
74.241,1780,person,0.2883,651.6,284.3,691.8,410.5
74.241,1780,bus,0.2613,457.0,187.9,628.6,344.2
74.241,1780,person,0.2586,473.3,100.0,517.4,189.5
74.658,1790,car,0.8422,858.5,169.3,1010.6,311.8
74.658,1790,car,0.8367,670.2,139.1,831.9,309.5
74.658,1790,car,0.7865,1066.0,161.2,1217.6,308.8
74.658,1790,car,0.7849,1149.3,21.0,1279.5,166.5
74.658,1790,car,0.7644,922.3,56.9,1062.9,192.4
74.658,1790,person,0.6812,341.9,76.4,375.9,181.3
74.658,1790,car,0.6711,1002.6,1.1,1138.4,73.6
74.658,1790,person,0.6707,1062.3,283.2,1098.1,390.8
74.658,1790,person,0.6608,426.1,287.9,468.3,390.6
74.658,1790,car,0.657,568.8,2.7,735.9,169.0
74.658,1790,car,0.6237,452.5,187.2,624.5,351.0
74.658,1790,car,0.6096,748.9,21.3,904.5,165.8
74.658,1790,person,0.57,319.6,360.4,361.9,466.8
74.658,1790,person,0.5473,90.4,94.7,125.6,200.8
74.658,1790,person,0.5301,145.2,271.8,191.9,383.7
74.658,1790,person,0.5286,249.2,272.6,280.5,376.9
74.658,1790,person,0.49,272.8,259.1,308.7,371.1
74.658,1790,person,0.4442,1247.1,356.2,1279.4,448.9
74.658,1790,person,0.423,345.3,332.9,384.4,432.2
74.658,1790,truck,0.4073,454.1,185.3,624.4,352.5
74.658,1790,truck,0.2674,0.0,423.4,262.6,715.4
75.075,1800,car,0.8334,667.2,142.6,829.8,311.0
75.075,1800,car,0.8173,857.8,169.6,1009.5,316.2
75.075,1800,car,0.8122,1056.9,178.6,1207.2,328.4
75.075,1800,car,0.7745,922.1,57.5,1063.4,192.4
75.075,1800,car,0.7688,1150.1,21.0,1279.5,164.6
75.075,1800,car,0.7428,417.3,212.0,613.7,376.7
75.075,1800,car,0.7211,529.5,52.5,697.3,223.7
75.075,1800,person,0.6998,376.7,29.9,414.4,134.2
75.075,1800,car,0.6904,1002.7,1.3,1137.8,72.8
75.075,1800,person,0.6453,472.8,317.3,510.0,421.6
75.075,1800,person,0.633,137.0,414.2,189.1,521.1
75.075,1800,car,0.6279,749.4,17.5,904.3,165.7
75.075,1800,bicycle,0.6251,280.6,445.1,340.7,529.3
75.075,1800,person,0.575,78.0,396.5,124.5,521.3
75.075,1800,person,0.5267,258.0,258.7,300.7,370.7
75.075,1800,person,0.5171,36.3,393.0,74.9,504.8
75.075,1800,person,0.4096,6.7,391.2,43.4,504.6
75.075,1800,person,0.4015,281.8,405.5,329.3,494.5
75.075,1800,person,0.3673,537.9,595.4,686.7,719.4
75.075,1800,person,0.3135,221.6,303.2,250.4,398.7
75.075,1800,person,0.2661,565.5,328.0,608.9,431.2
75.492,1810,car,0.8704,909.0,463.0,1075.8,632.2
75.492,1810,car,0.8268,802.6,283.8,957.2,433.7
75.492,1810,car,0.8135,615.7,231.9,777.1,406.2
75.492,1810,car,0.8131,1111.1,102.2,1260.6,246.2
75.492,1810,car,0.7952,497.5,93.5,670.7,269.1
75.492,1810,car,0.7792,298.3,316.5,530.0,475.3
75.492,1810,car,0.7513,1002.6,0.7,1137.7,76.1
75.492,1810,car,0.6973,905.0,86.9,1049.7,224.0
75.492,1810,person,0.6931,403.7,0.0,440.7,95.4
75.492,1810,person,0.6906,69.4,430.7,120.2,537.5
75.492,1810,car,0.6608,693.5,105.7,857.2,258.4
75.492,1810,car,0.5653,1176.2,0.3,1279.1,37.3
75.492,1810,person,0.4649,3.6,251.4,49.9,364.9
75.492,1810,person,0.4532,148.9,545.5,188.9,673.6
75.492,1810,person,0.4159,219.3,298.8,250.2,402.4
75.492,1810,person,0.412,259.2,262.3,294.8,370.4
75.492,1810,bicycle,0.3806,149.2,563.5,186.9,673.1
75.492,1810,bicycle,0.3738,151.6,594.0,185.4,673.7
75.492,1810,person,0.3502,139.1,383.0,178.6,481.6
75.492,1810,person,0.3202,97.2,370.0,140.3,476.3
75.492,1810,person,0.2861,2.8,625.6,49.3,714.8
75.492,1810,person,0.26,229.0,234.6,253.2,315.6
75.492,1810,person,0.2541,758.5,85.5,793.1,135.8
75.909,1820,car,0.8842,875.7,602.5,1048.2,718.4
75.909,1820,car,0.8752,436.4,579.2,605.2,718.8
75.909,1820,car,0.794,895.2,129.3,1048.3,264.4
75.909,1820,car,0.7182,0.0,383.4,367.4,524.2
75.909,1820,car,0.6907,1023.1,0.9,1135.4,34.5
75.909,1820,person,0.6868,62.2,197.8,108.0,315.1
75.909,1820,car,0.6495,1056.0,115.3,1221.0,297.9
75.909,1820,person,0.6364,126.6,494.0,167.9,608.0
75.909,1820,person,0.6272,73.0,557.7,114.9,673.2
75.909,1820,car,0.5888,741.8,352.2,903.9,522.2
75.909,1820,car,0.5838,544.2,339.3,724.5,516.7
75.909,1820,person,0.5373,206.5,634.8,256.3,719.5
75.909,1820,person,0.5278,26.5,543.3,71.0,660.5
75.909,1820,truck,0.4539,403.4,199.3,582.5,376.7
75.909,1820,car,0.4179,402.9,200.7,583.1,376.8
75.909,1820,person,0.3915,221.8,279.0,252.0,370.6
75.909,1820,person,0.3652,258.9,265.0,294.5,370.1
75.909,1820,person,0.3536,181.8,274.4,214.0,362.8
75.909,1820,person,0.3144,116.1,204.6,155.0,314.9
75.909,1820,person,0.3099,0.0,583.8,21.8,704.5
75.909,1820,car,0.2965,715.2,0.1,818.1,64.8
75.909,1820,person,0.2931,251.2,262.0,299.8,372.2
75.909,1820,person,0.2646,183.3,227.2,215.4,360.1
75.909,1820,person,0.26,183.7,227.5,214.6,315.6
75.909,1820,person,0.2527,185.2,228.0,213.8,291.7
76.326,1830,car,0.8271,722.2,560.4,877.5,718.5
76.326,1830,person,0.7706,111.7,447.7,160.7,564.8
76.326,1830,car,0.7359,856.3,213.8,1017.5,365.6
76.326,1830,person,0.6858,340.6,481.0,383.8,604.4
76.326,1830,car,0.6699,341.2,254.8,534.4,438.0
76.326,1830,person,0.6339,131.1,170.3,161.1,272.8
76.326,1830,car,0.6242,924.6,0.0,1102.9,131.9
76.326,1830,person,0.6185,148.8,381.0,193.4,494.2
76.326,1830,person,0.5393,59.2,448.1,97.9,569.0
76.326,1830,car,0.5226,1069.9,170.1,1219.2,338.6
76.326,1830,person,0.4893,257.6,264.0,293.8,371.0
76.326,1830,person,0.4148,189.1,272.3,225.1,382.3
76.326,1830,person,0.3602,102.8,329.9,143.8,428.4
76.326,1830,car,0.3479,532.4,0.1,645.2,33.3
76.326,1830,person,0.3315,622.5,57.5,662.2,163.1
76.326,1830,person,0.2717,137.5,321.0,169.4,398.4
76.326,1830,car,0.2696,625.1,0.0,727.5,37.1
76.326,1830,person,0.2661,221.0,300.0,252.5,400.2
76.326,1830,car,0.2591,622.3,39.3,734.7,156.6
76.326,1830,person,0.2549,249.4,262.9,283.5,371.8
76.743,1840,car,0.7875,923.2,489.9,1103.7,706.6
76.743,1840,car,0.7801,595.5,618.3,767.1,720.0
76.743,1840,car,0.7706,258.9,303.6,488.2,485.8
76.743,1840,person,0.7694,476.9,312.5,526.8,427.5
76.743,1840,car,0.7535,531.9,1.1,718.8,57.4
76.743,1840,car,0.7254,1012.6,1.6,1128.5,53.5
76.743,1840,car,0.618,1043.8,188.1,1204.3,375.5
76.743,1840,person,0.4982,100.0,338.3,145.1,453.1
76.743,1840,car,0.4634,764.1,255.1,937.9,458.5
76.743,1840,car,0.4313,533.2,99.2,645.7,155.4
76.743,1840,person,0.4025,220.5,289.5,252.7,399.7
76.743,1840,person,0.3705,137.4,232.7,173.6,334.2
76.743,1840,person,0.353,172.8,328.3,208.0,429.1
76.743,1840,person,0.3451,256.9,257.5,294.6,370.5
76.743,1840,person,0.3326,79.3,486.3,115.5,603.7
76.743,1840,truck,0.3268,764.9,250.8,937.4,459.9
76.743,1840,person,0.31,44.2,449.0,83.3,561.1
76.743,1840,person,0.3037,29.9,550.9,75.3,692.5
76.743,1840,person,0.2586,179.2,232.2,213.8,326.3
77.16,1850,car,0.8642,627.7,64.9,812.3,214.6
77.16,1850,car,0.8357,982.1,381.0,1136.9,538.1
77.16,1850,car,0.811,919.4,17.5,1085.2,194.2
77.16,1850,person,0.7522,446.8,227.5,488.7,343.0
77.16,1850,car,0.7409,737.9,372.5,899.5,534.6
77.16,1850,car,0.7238,1118.1,78.2,1262.1,219.4
77.16,1850,car,0.6826,208.6,328.8,444.5,512.9
77.16,1850,car,0.6789,526.8,0.0,715.7,86.1
77.16,1850,person,0.6484,67.6,499.0,109.8,616.2
77.16,1850,person,0.6297,10.7,499.1,62.3,623.7
77.16,1850,person,0.6205,328.8,74.1,362.6,174.0
77.16,1850,person,0.5406,152.6,336.6,200.0,459.2
77.16,1850,car,0.5141,1247.1,547.7,1279.5,705.2
77.16,1850,car,0.4883,834.3,0.1,960.3,37.1
77.16,1850,person,0.4434,57.3,322.1,98.2,435.1
77.16,1850,truck,0.3685,494.9,170.8,606.1,348.3
77.16,1850,car,0.3042,491.6,170.6,600.2,221.5
77.16,1850,person,0.2838,74.6,290.4,113.5,389.1
77.16,1850,person,0.2582,106.7,295.7,144.2,408.1
77.578,1860,car,0.8239,1046.4,0.0,1170.7,54.7
77.578,1860,car,0.7881,719.5,445.0,899.6,635.9
77.578,1860,car,0.7764,554.6,135.2,745.3,291.0
77.578,1860,person,0.7568,425.9,136.8,470.7,249.2
77.578,1860,car,0.7517,968.7,559.1,1137.6,720.0
77.578,1860,car,0.7259,1021.0,223.3,1192.9,406.6
77.578,1860,car,0.6516,174.9,342.3,429.0,524.4
77.578,1860,car,0.6344,930.3,62.5,1080.0,226.2
77.578,1860,person,0.6122,467.1,304.1,501.8,416.8
77.578,1860,person,0.5752,76.0,403.1,116.9,516.0
77.578,1860,person,0.5525,31.9,420.5,80.1,527.2
77.578,1860,person,0.4044,305.6,101.2,346.7,201.4
77.578,1860,car,0.3877,533.1,0.0,725.4,112.2
77.578,1860,truck,0.371,761.4,0.5,953.4,150.0
77.578,1860,bus,0.3305,758.9,0.8,956.9,150.8
77.578,1860,person,0.2859,146.3,337.3,184.9,460.6
77.578,1860,truck,0.2505,473.9,249.8,579.7,402.7
77.995,1870,car,0.8467,52.7,382.8,331.5,575.4
77.995,1870,bus,0.8428,501.1,2.6,743.2,160.4
77.995,1870,car,0.8363,719.5,441.2,890.9,639.8
77.995,1870,bus,0.8175,682.7,83.1,894.6,384.2
77.995,1870,car,0.8077,900.7,564.1,1083.8,719.3
77.995,1870,car,0.6957,991.7,0.9,1120.9,167.1
77.995,1870,car,0.6953,430.6,253.8,628.6,414.4
77.995,1870,car,0.6721,796.8,5.3,928.1,133.0
77.995,1870,person,0.645,335.9,146.8,384.5,265.3
77.995,1870,person,0.6176,97.4,306.0,139.7,413.0
77.995,1870,person,0.4877,373.3,0.4,410.5,91.6
77.995,1870,truck,0.4731,334.0,342.3,480.1,536.3
77.995,1870,person,0.4312,66.3,324.5,109.7,453.7
77.995,1870,person,0.304,242.8,303.8,278.7,388.5
77.995,1870,person,0.27,303.5,85.8,337.3,190.6
77.995,1870,person,0.2637,40.4,297.3,81.5,410.8
78.412,1880,car,0.8845,0.1,421.0,226.3,608.1
78.412,1880,bus,0.8715,508.1,2.8,734.3,249.8
78.412,1880,car,0.8595,776.6,498.5,938.3,678.8
78.412,1880,car,0.8515,704.5,178.0,852.0,313.4
78.412,1880,car,0.8433,546.3,434.7,713.1,592.6
78.412,1880,car,0.7995,250.0,330.6,534.9,498.3
78.412,1880,car,0.7836,1202.3,1.1,1279.3,68.1
78.412,1880,car,0.7303,871.9,0.0,999.4,74.0
78.412,1880,car,0.6805,1033.0,206.8,1192.9,396.2
78.412,1880,car,0.5963,1247.8,336.3,1279.4,436.0
78.412,1880,car,0.5802,909.0,95.0,1064.1,272.7
78.412,1880,car,0.5556,487.9,635.4,688.9,720.0
78.412,1880,person,0.4223,322.6,150.8,366.5,272.8
78.412,1880,person,0.3851,111.7,187.2,158.5,307.0
78.412,1880,person,0.3631,243.8,301.6,280.6,413.2
78.412,1880,person,0.3597,253.6,558.7,292.3,688.4
78.412,1880,person,0.2956,16.5,231.6,49.4,330.5
78.412,1880,person,0.2761,302.2,31.9,340.0,137.4
78.829,1890,bus,0.919,476.4,2.2,724.6,319.0
78.829,1890,car,0.8066,1079.6,172.7,1221.6,306.7
78.829,1890,car,0.8018,901.2,85.6,1064.9,265.1
78.829,1890,car,0.7816,1161.8,36.1,1279.5,182.1
78.829,1890,person,0.6943,124.1,427.7,175.0,553.2
78.829,1890,car,0.6212,863.6,0.0,968.1,34.2
78.829,1890,car,0.5904,1017.9,590.5,1216.0,719.2
78.829,1890,car,0.5676,758.4,80.4,905.7,228.7
78.829,1890,person,0.5246,304.2,42.6,341.0,154.3
78.829,1890,person,0.4167,145.0,113.8,188.7,214.8
78.829,1890,car,0.4081,1045.7,1.2,1157.2,26.9
78.829,1890,person,0.2946,204.9,80.0,239.6,180.4
79.246,1900,car,0.8354,966.9,49.5,1104.5,189.2
79.246,1900,car,0.8313,1076.3,183.7,1218.3,312.7
79.246,1900,car,0.8045,702.6,179.3,857.9,335.8
79.246,1900,bus,0.7965,483.0,2.9,724.3,314.2
79.246,1900,car,0.7904,873.2,137.7,1035.2,321.8
79.246,1900,car,0.7649,1154.8,52.4,1279.6,196.8
79.246,1900,car,0.6888,986.5,0.5,1118.7,50.5
79.246,1900,car,0.6872,774.6,54.2,918.6,196.9
79.246,1900,person,0.6473,104.3,263.6,149.1,382.1
79.246,1900,person,0.5573,286.6,7.5,325.1,105.6
79.246,1900,person,0.5382,46.3,336.0,98.0,448.4
79.246,1900,person,0.5308,342.2,11.0,379.2,114.1
79.246,1900,person,0.5175,2.0,344.9,44.2,471.8
79.246,1900,person,0.4862,574.7,268.7,623.3,415.3
79.246,1900,car,0.4643,1208.3,0.7,1279.3,57.1
79.246,1900,person,0.4461,1027.3,288.6,1060.1,377.2
79.246,1900,person,0.4345,120.1,48.5,156.4,146.5
79.246,1900,person,0.4332,318.4,344.1,364.1,463.4
79.246,1900,person,0.4166,6.2,207.5,47.2,309.6
79.246,1900,person,0.4017,527.3,257.4,559.6,353.2
79.246,1900,person,0.2991,174.3,234.6,210.4,314.0
79.246,1900,person,0.289,163.1,334.4,208.7,433.2
79.246,1900,person,0.271,570.2,309.5,621.9,417.5
79.663,1910,bus,0.8317,486.6,2.7,720.9,319.6
79.663,1910,car,0.7696,1074.8,183.2,1218.0,316.1
79.663,1910,car,0.7455,966.7,43.0,1105.0,187.9
79.663,1910,car,0.7321,775.8,57.0,918.4,197.1
79.663,1910,car,0.6995,703.7,178.7,856.9,338.6
79.663,1910,car,0.6956,824.7,0.0,941.4,52.3
79.663,1910,car,0.6947,1155.3,53.4,1279.4,197.4
79.663,1910,car,0.6662,1055.0,494.3,1279.9,614.5
79.663,1910,car,0.6362,877.1,138.4,1034.2,307.6
79.663,1910,person,0.6009,718.5,335.1,780.8,458.7
79.663,1910,person,0.5958,56.8,148.1,92.9,241.2
79.663,1910,person,0.5845,3.4,329.5,53.9,455.7
79.663,1910,person,0.5822,132.0,224.0,181.7,334.5
79.663,1910,person,0.52,426.4,295.4,482.8,423.4
79.663,1910,person,0.5154,106.5,137.6,143.4,245.6
79.663,1910,person,0.5146,607.5,340.0,652.8,455.3
79.663,1910,person,0.5092,803.7,273.2,845.4,374.4
79.663,1910,person,0.4835,223.2,222.4,256.9,336.0
79.663,1910,person,0.4695,880.4,321.8,925.8,431.5
79.663,1910,person,0.4628,563.7,355.2,607.2,466.3
79.663,1910,person,0.45,954.8,258.1,996.7,354.0
79.663,1910,person,0.4462,1105.4,350.9,1163.8,464.4
79.663,1910,person,0.4394,563.9,374.1,595.5,467.8
79.663,1910,car,0.4224,1209.3,0.9,1279.4,56.9
79.663,1910,car,0.4178,973.3,0.2,1119.0,65.7
79.663,1910,person,0.4075,986.6,303.0,1021.0,412.5
79.663,1910,person,0.4044,159.2,110.7,192.3,208.0
79.663,1910,person,0.3652,177.8,238.5,210.3,325.4
79.663,1910,person,0.3518,1008.5,344.4,1065.6,458.5
79.663,1910,person,0.3222,432.1,294.1,474.3,392.5
79.663,1910,person,0.3142,851.7,347.1,888.9,446.6
79.663,1910,person,0.277,139.1,143.8,169.7,233.6
79.663,1910,person,0.2615,187.0,308.9,219.6,411.9
79.663,1910,person,0.2614,1009.5,344.1,1089.5,463.0
79.663,1910,person,0.2593,168.8,236.7,211.0,355.2
79.663,1910,person,0.2582,578.9,291.2,624.1,370.5
80.08,1920,car,0.8979,782.5,480.1,1131.8,603.8
80.08,1920,car,0.8797,94.3,460.7,487.3,591.8
80.08,1920,bus,0.807,490.3,2.9,723.6,323.0
80.08,1920,car,0.8024,0.1,543.5,144.5,659.9
80.08,1920,car,0.7284,704.2,179.7,858.8,337.0
80.08,1920,person,0.6904,407.1,316.9,453.5,417.2
80.08,1920,car,0.6798,776.9,56.8,918.4,197.4
80.08,1920,car,0.6709,966.2,43.3,1104.6,188.2
80.08,1920,person,0.6612,1174.6,328.1,1220.3,443.4
80.08,1920,person,0.6565,672.8,355.7,735.2,463.8
80.08,1920,person,0.6015,41.3,355.0,83.6,479.6
80.08,1920,car,0.5975,1078.1,183.0,1218.2,284.2
80.08,1920,car,0.5663,875.1,138.6,1033.8,319.8
80.08,1920,person,0.531,557.2,276.1,589.1,364.4
80.08,1920,person,0.4938,1055.7,252.6,1092.2,369.7
80.08,1920,person,0.4771,156.7,311.5,201.2,420.0
80.08,1920,person,0.4637,182.8,237.6,211.6,341.9
80.08,1920,person,0.4595,744.8,355.4,792.1,456.9
80.08,1920,person,0.4589,136.7,230.0,169.8,328.4
80.08,1920,car,0.4557,815.9,0.0,948.1,70.1
80.08,1920,car,0.4313,1155.2,55.4,1279.3,197.6
80.08,1920,person,0.4304,1148.7,278.9,1188.2,393.9
80.08,1920,person,0.4182,223.4,227.2,257.2,336.0
80.08,1920,person,0.4073,52.1,234.4,89.4,336.0
80.08,1920,person,0.4061,100.6,241.1,132.4,336.3
80.08,1920,person,0.3916,963.0,384.3,1016.8,481.3
80.08,1920,person,0.3618,544.9,276.1,587.5,414.5
80.08,1920,person,0.3305,888.2,348.5,940.8,465.7
80.08,1920,person,0.3303,544.6,315.1,583.9,414.1
80.08,1920,car,0.3112,973.7,0.2,1109.4,64.8
80.08,1920,person,0.301,1013.4,340.4,1056.8,437.4
80.08,1920,person,0.3002,730.6,324.9,760.9,430.6
80.08,1920,person,0.2877,70.0,315.5,114.9,424.4
80.08,1920,person,0.2828,1087.0,258.9,1119.7,357.9
80.08,1920,person,0.2775,13.1,355.3,45.0,472.4
80.497,1930,bus,0.8215,486.1,2.7,724.5,321.6
80.497,1930,car,0.8095,1077.8,183.1,1219.5,314.3
80.497,1930,car,0.7702,969.5,42.8,1105.1,188.0
80.497,1930,car,0.7671,778.3,56.0,919.2,197.5
80.497,1930,truck,0.7276,0.0,424.6,394.1,594.3
80.497,1930,person,0.6844,1069.0,261.5,1106.6,379.0
80.497,1930,car,0.6445,1155.8,54.6,1279.5,198.0
80.497,1930,person,0.633,1201.0,269.0,1236.5,382.7
80.497,1930,person,0.5965,391.7,363.5,433.4,475.5
80.497,1930,person,0.5856,807.3,316.4,842.4,400.7
80.497,1930,car,0.558,883.6,138.9,1033.4,313.0
80.497,1930,person,0.5285,542.8,310.6,596.7,422.7
80.497,1930,person,0.4908,155.4,318.5,193.8,427.9
80.497,1930,car,0.4853,705.1,178.1,857.6,332.9
80.497,1930,car,0.4791,816.3,0.0,947.9,70.2
80.497,1930,car,0.4597,973.8,0.2,1111.7,66.7
80.497,1930,person,0.4148,486.9,347.6,537.8,462.9
80.497,1930,person,0.3927,132.0,254.0,161.7,317.7
80.497,1930,person,0.3756,731.5,263.0,769.7,371.7
80.497,1930,person,0.3613,996.5,281.4,1035.4,372.1
80.497,1930,person,0.3599,124.2,326.0,158.8,425.1
80.497,1930,person,0.3562,512.3,343.7,547.2,451.9
80.497,1930,person,0.3358,186.9,304.5,227.9,409.7
80.497,1930,person,0.3333,377.1,325.8,413.7,424.2
80.497,1930,car,0.3297,1210.4,1.0,1279.3,57.1
80.497,1930,person,0.3157,639.6,307.9,671.5,414.4
80.497,1930,person,0.3093,601.4,309.4,659.7,424.1
80.497,1930,person,0.278,612.8,310.3,654.4,419.6
80.497,1930,person,0.2751,784.7,276.0,814.9,381.8
80.497,1930,person,0.2654,537.6,270.0,597.5,423.5
80.497,1930,person,0.2576,353.4,326.2,414.1,423.7
80.914,1940,car,0.8876,226.7,471.1,555.2,600.9
80.914,1940,car,0.8377,1075.8,182.6,1218.6,312.5
80.914,1940,car,0.811,872.2,137.6,1034.2,321.3
80.914,1940,car,0.7987,54.3,596.3,470.6,718.6
80.914,1940,car,0.7488,965.6,42.5,1105.4,188.2
80.914,1940,car,0.7475,777.4,57.0,919.4,197.8
80.914,1940,bus,0.741,488.1,2.6,724.5,327.5
80.914,1940,car,0.7251,702.2,178.9,857.6,336.0
80.914,1940,car,0.7105,1154.2,54.6,1279.5,198.9
80.914,1940,car,0.5866,815.7,0.0,952.4,71.7
80.914,1940,person,0.5749,633.4,227.7,674.4,345.1
80.914,1940,person,0.5554,579.3,338.1,624.9,431.0
80.914,1940,car,0.5246,972.9,0.2,1116.2,67.5
80.914,1940,person,0.5034,42.9,351.2,84.4,483.7
80.914,1940,person,0.4859,805.5,307.1,848.4,415.0
80.914,1940,person,0.4825,676.1,285.7,727.7,401.4
80.914,1940,person,0.4464,431.2,288.6,465.6,391.0
80.914,1940,person,0.4452,97.0,144.7,139.9,262.6
80.914,1940,person,0.3811,932.8,266.8,999.9,388.6
80.914,1940,person,0.3768,246.0,299.5,287.2,419.1
80.914,1940,person,0.3687,5.4,343.9,43.6,483.2
80.914,1940,person,0.3627,480.2,335.3,535.6,447.7
80.914,1940,person,0.3595,280.2,9.8,327.2,116.4
80.914,1940,car,0.3585,1209.5,1.3,1279.3,56.3
80.914,1940,person,0.3209,159.0,378.0,212.8,492.2
80.914,1940,person,0.2993,129.1,168.9,169.2,278.1
80.914,1940,person,0.2778,554.0,324.1,585.8,427.5
80.914,1940,person,0.2576,139.8,75.5,179.8,176.2
81.331,1950,car,0.8911,250.2,590.7,586.5,718.1
81.331,1950,bus,0.8871,481.2,2.9,724.6,321.3
81.331,1950,car,0.8752,397.6,506.1,719.6,630.0
81.331,1950,car,0.839,1072.9,182.4,1218.9,312.5
81.331,1950,car,0.8026,703.6,179.5,857.7,336.7
81.331,1950,car,0.7985,777.6,57.0,919.9,197.6
81.331,1950,car,0.7822,966.6,43.4,1106.5,189.6
81.331,1950,car,0.7065,1086.7,447.8,1279.6,583.4
81.331,1950,car,0.7042,873.7,138.5,1033.9,320.2
81.331,1950,car,0.6724,1154.9,54.2,1279.5,198.7
81.331,1950,car,0.6446,1049.2,612.6,1279.5,715.8
81.331,1950,car,0.6083,816.0,0.0,953.0,71.3
81.331,1950,person,0.5189,110.1,106.3,147.2,199.7
81.331,1950,car,0.518,973.6,0.0,1115.5,68.8
81.331,1950,person,0.5059,168.1,381.1,204.3,491.8
81.331,1950,person,0.5049,1015.2,235.2,1063.9,347.7
81.331,1950,person,0.443,147.2,99.5,184.3,215.5
81.331,1950,person,0.4246,226.0,374.4,267.3,476.9
81.331,1950,person,0.3589,964.7,302.6,1011.1,380.9
81.331,1950,car,0.3567,1210.5,1.0,1279.3,56.1
81.331,1950,person,0.3347,103.1,363.9,148.4,468.6
81.331,1950,person,0.2993,52.9,114.8,86.7,254.6
81.331,1950,person,0.2684,442.9,337.6,493.6,448.3
81.748,1960,bus,0.9082,487.0,2.4,724.8,320.2
81.748,1960,car,0.8164,1076.3,182.4,1218.6,313.0
81.748,1960,car,0.7852,703.9,176.3,858.6,335.2
81.748,1960,car,0.7734,872.6,138.4,1035.4,320.3
81.748,1960,car,0.7664,778.0,56.5,919.1,196.9
81.748,1960,car,0.7552,966.6,44.2,1106.2,189.0
81.748,1960,person,0.6984,703.0,345.4,744.9,448.9
81.748,1960,person,0.6733,1228.1,288.2,1280.0,395.1
81.748,1960,person,0.6477,452.7,288.8,491.2,403.6
81.748,1960,car,0.6257,1153.9,54.9,1279.5,199.0
81.748,1960,person,0.6029,1047.7,300.5,1088.0,410.2
81.748,1960,car,0.5805,1058.4,626.9,1279.6,716.6
81.748,1960,car,0.5749,815.8,0.1,951.6,71.0
81.748,1960,car,0.5564,92.8,652.6,360.3,715.1
81.748,1960,person,0.549,51.3,359.7,98.2,484.2
81.748,1960,car,0.5391,972.2,0.0,1112.7,69.8
81.748,1960,person,0.5067,590.4,306.2,626.8,418.7
81.748,1960,person,0.5,114.2,384.6,154.6,495.5
81.748,1960,car,0.4757,1247.0,508.2,1279.4,581.8
81.748,1960,person,0.4745,175.6,382.0,214.9,491.2
81.748,1960,person,0.398,851.3,308.9,899.4,420.8
81.748,1960,person,0.3959,641.0,336.7,689.8,450.6
81.748,1960,person,0.3588,595.9,305.3,639.5,419.7
81.748,1960,car,0.3247,1210.3,1.3,1279.3,57.5
81.748,1960,person,0.3169,890.5,327.3,940.1,436.8
81.748,1960,person,0.2761,2.3,348.9,47.0,484.1
81.748,1960,person,0.2631,647.1,335.0,687.5,422.1
81.748,1960,person,0.2624,659.0,331.3,689.0,427.2
82.165,1970,bus,0.8901,483.1,2.3,723.5,317.5
82.165,1970,car,0.8585,0.6,484.8,254.5,615.7
82.165,1970,car,0.8333,521.2,607.0,881.0,715.1
82.165,1970,car,0.821,1075.9,182.8,1216.9,312.8
82.165,1970,car,0.7713,776.8,55.8,918.4,196.7
82.165,1970,car,0.7585,873.1,137.6,1034.6,321.1
82.165,1970,car,0.7569,703.3,177.0,857.0,336.3
82.165,1970,car,0.7231,964.6,43.4,1105.3,186.7
82.165,1970,person,0.6174,760.0,292.6,810.4,398.8
82.165,1970,person,0.5717,383.9,343.6,444.5,460.5
82.165,1970,person,0.5665,920.5,304.8,954.8,394.7
82.165,1970,car,0.5638,1216.0,587.6,1279.7,677.4
82.165,1970,car,0.56,1153.2,54.4,1279.1,197.2
82.165,1970,person,0.5597,505.8,316.6,549.1,408.7
82.165,1970,car,0.5448,815.2,0.1,951.4,69.6
82.165,1970,person,0.5243,176.8,382.0,218.8,491.6
82.165,1970,person,0.524,109.9,383.3,158.2,488.4
82.165,1970,car,0.4764,971.3,0.2,1111.8,64.9
82.165,1970,person,0.4493,1067.8,332.0,1102.0,426.1
82.165,1970,person,0.4357,35.2,359.5,81.7,480.3
82.165,1970,person,0.393,149.7,59.3,191.0,162.0
82.165,1970,person,0.3686,793.3,319.6,854.2,426.4
82.165,1970,person,0.3547,1093.9,352.4,1133.5,463.4
82.165,1970,person,0.2975,224.7,230.1,253.0,334.8
82.165,1970,person,0.2922,1217.9,237.7,1254.0,345.8
82.165,1970,car,0.2871,1210.4,1.4,1279.4,56.0
82.165,1970,person,0.2858,1218.5,263.5,1250.0,347.0
82.165,1970,person,0.2826,1097.9,343.7,1143.0,446.4
82.165,1970,person,0.2773,175.6,238.4,206.8,331.4
82.165,1970,person,0.2682,139.5,249.9,183.1,348.9
82.165,1970,person,0.2631,607.3,158.1,648.2,206.6
82.583,1980,bus,0.9046,486.2,2.8,724.1,322.8
82.583,1980,car,0.8416,238.7,577.0,572.8,720.0
82.583,1980,car,0.8177,703.5,177.3,858.7,335.5
82.583,1980,car,0.8023,778.0,56.9,919.1,196.4
82.583,1980,car,0.7535,966.9,43.6,1106.5,188.1
82.583,1980,car,0.7307,873.3,137.0,1034.1,319.1
82.583,1980,car,0.6871,1064.3,183.3,1217.6,324.3
82.583,1980,person,0.6805,630.9,312.2,674.2,430.0
82.583,1980,person,0.6681,43.0,356.7,89.6,481.6
82.583,1980,car,0.5943,1153.6,55.1,1279.0,199.4
82.583,1980,person,0.5807,463.8,322.0,501.5,419.0
82.583,1980,person,0.5773,1143.5,264.7,1171.8,355.6
82.583,1980,car,0.5716,816.0,0.1,952.9,71.4
82.583,1980,person,0.5323,870.7,303.2,940.0,406.8
82.583,1980,person,0.5251,161.0,417.9,212.7,543.6
82.583,1980,person,0.5003,226.2,363.5,268.0,479.5
82.583,1980,person,0.5001,369.2,285.5,412.5,393.6
82.583,1980,car,0.4996,974.0,0.5,1117.3,65.1
82.583,1980,person,0.4919,871.7,304.5,920.7,406.3
82.583,1980,person,0.4309,1034.2,302.6,1079.3,405.2
82.583,1980,person,0.4196,902.6,302.3,942.1,403.3
82.583,1980,person,0.4149,118.2,366.4,157.3,494.7
82.583,1980,person,0.4043,344.8,368.1,404.2,474.0
82.583,1980,person,0.3317,1213.9,257.7,1251.7,360.2
82.583,1980,car,0.3117,1211.1,1.7,1279.4,56.5
82.583,1980,person,0.3084,406.9,292.6,444.4,391.5
82.583,1980,person,0.2736,1139.9,264.6,1175.8,369.8
82.583,1980,person,0.2721,1178.7,274.2,1210.0,346.0
83.0,1990,person,0.824,1157.5,315.7,1228.5,437.6
83.0,1990,car,0.8067,588.3,619.9,933.5,717.8
83.0,1990,bus,0.7913,486.9,2.4,722.5,335.1
83.0,1990,car,0.7835,1075.9,182.8,1218.8,315.7
83.0,1990,car,0.7829,1200.5,585.8,1279.4,703.4
83.0,1990,car,0.7227,967.9,43.5,1105.5,186.8
83.0,1990,car,0.7207,778.3,56.6,919.4,196.9
83.0,1990,car,0.5937,1153.9,54.2,1279.4,197.9
83.0,1990,car,0.591,710.4,175.5,858.4,336.2
83.0,1990,car,0.5904,873.4,138.4,1037.3,322.1
83.0,1990,person,0.5517,976.2,280.2,1043.2,398.1
83.0,1990,person,0.5491,180.8,373.8,220.1,495.3
83.0,1990,person,0.5454,143.3,427.8,191.6,549.0
83.0,1990,person,0.5408,238.0,395.9,275.7,504.3
83.0,1990,person,0.5029,617.2,281.6,659.3,388.7
83.0,1990,person,0.4803,685.2,274.7,720.5,390.5
83.0,1990,person,0.4793,712.7,271.6,752.2,382.8
83.0,1990,person,0.4653,47.1,356.0,90.8,484.3
83.0,1990,car,0.447,76.8,659.3,462.4,718.6
83.0,1990,car,0.429,815.9,0.4,951.3,69.8
83.0,1990,person,0.4146,1223.7,299.2,1264.5,402.2
83.0,1990,car,0.4117,973.8,0.6,1112.2,65.9
83.0,1990,person,0.3964,1096.5,286.9,1142.1,416.0
83.0,1990,person,0.3452,528.8,275.2,582.7,422.0
83.0,1990,person,0.3413,351.8,327.0,392.8,424.7
83.0,1990,person,0.3163,1230.0,299.5,1265.1,380.3
83.0,1990,car,0.307,1211.0,1.7,1279.3,55.8
83.0,1990,person,0.2913,77.6,411.6,115.3,520.7
83.417,2000,car,0.7905,1075.2,183.0,1218.0,314.8
83.417,2000,car,0.7543,778.4,58.2,919.1,197.1
83.417,2000,car,0.7427,871.4,137.2,1033.9,320.5
83.417,2000,car,0.7238,966.4,43.7,1105.2,187.5
83.417,2000,bus,0.6687,480.0,2.3,720.8,338.1
83.417,2000,car,0.6634,703.6,178.0,858.2,337.5
83.417,2000,car,0.6403,1154.3,55.3,1279.5,198.3
83.417,2000,car,0.6365,1041.2,568.8,1279.7,720.0
83.417,2000,person,0.6117,766.8,270.2,867.6,407.7
83.417,2000,person,0.5902,1106.7,257.1,1141.3,343.4
83.417,2000,person,0.5608,539.6,336.1,579.8,457.5
83.417,2000,person,0.5597,37.4,543.3,91.4,673.3
83.417,2000,car,0.4735,815.7,0.0,952.0,71.2
83.417,2000,person,0.4593,346.1,296.6,391.6,409.3
83.417,2000,car,0.4299,972.9,0.3,1111.9,66.7
83.417,2000,person,0.3912,1125.8,296.7,1189.7,406.4
83.417,2000,person,0.3862,760.7,304.2,807.1,411.4
83.417,2000,person,0.3838,168.5,400.6,215.0,510.1
83.417,2000,person,0.383,413.4,292.5,448.3,407.1
83.417,2000,person,0.3044,796.9,273.4,867.0,405.0
83.417,2000,car,0.3043,1210.9,1.4,1279.3,57.2
83.417,2000,person,0.3028,652.7,353.8,701.7,447.8
83.417,2000,person,0.3026,518.4,332.2,550.8,439.4
83.417,2000,person,0.2921,663.6,320.8,721.5,443.8
83.417,2000,person,0.2829,471.2,325.8,515.1,430.5
83.417,2000,person,0.2801,655.8,321.3,709.2,449.4
83.417,2000,truck,0.2621,1210.9,0.8,1279.1,56.2
83.834,2010,car,0.8355,668.7,244.6,828.7,403.5
83.834,2010,car,0.8054,1072.8,200.7,1212.9,327.0
83.834,2010,car,0.7735,821.0,241.3,991.0,427.0
83.834,2010,car,0.763,939.4,90.9,1084.9,232.8
83.834,2010,car,0.7362,769.3,63.6,914.1,205.0
83.834,2010,car,0.6647,1153.0,56.6,1279.5,199.4
83.834,2010,person,0.5521,496.4,334.7,545.7,444.3
83.834,2010,car,0.5494,966.4,0.5,1119.9,97.2
83.834,2010,car,0.5437,810.5,0.0,940.1,83.4
83.834,2010,bus,0.5111,467.7,1.0,708.3,368.2
83.834,2010,person,0.4777,75.5,304.4,113.5,420.3
83.834,2010,person,0.4622,154.5,550.8,192.4,672.1
83.834,2010,car,0.4267,1210.9,1.7,1279.0,57.8
83.834,2010,person,0.3968,77.6,135.4,116.7,241.7
83.834,2010,person,0.3441,124.6,134.6,171.2,240.3
83.834,2010,person,0.3377,0.1,607.3,27.6,719.0
83.834,2010,truck,0.3307,962.9,0.9,1119.3,96.5
84.251,2020,bus,0.8772,343.3,113.5,659.6,603.2
84.251,2020,car,0.8665,1075.3,490.5,1228.2,640.7
84.251,2020,car,0.804,932.8,125.2,1084.1,296.9
84.251,2020,person,0.8029,175.7,464.3,221.0,581.8
84.251,2020,car,0.7393,623.9,407.2,783.2,575.8
84.251,2020,car,0.7377,1140.8,78.0,1277.7,205.0
84.251,2020,car,0.7094,830.6,0.4,986.4,86.7
84.251,2020,car,0.7054,646.1,630.6,812.3,720.0
84.251,2020,truck,0.7048,803.5,237.8,996.5,481.2
84.251,2020,car,0.6926,1029.0,293.3,1191.7,457.5
84.251,2020,car,0.5847,720.8,125.0,867.1,277.1
84.251,2020,car,0.5545,1235.9,345.1,1279.6,489.7
84.251,2020,car,0.523,1204.2,0.4,1279.6,73.3
84.251,2020,person,0.5149,53.8,575.9,96.4,694.8
84.251,2020,person,0.3794,227.3,399.8,261.8,507.2
84.251,2020,person,0.3623,358.0,212.1,395.7,310.1
84.251,2020,person,0.3181,150.3,423.4,189.5,532.2
84.251,2020,person,0.3029,18.1,110.6,60.8,215.7
84.251,2020,person,0.3019,121.3,202.0,162.4,307.4
84.251,2020,person,0.2968,90.9,556.8,139.1,706.0
84.251,2020,person,0.284,73.2,306.3,114.1,408.4
84.251,2020,car,0.2714,1138.0,222.6,1201.6,278.6
84.668,2030,car,0.877,985.6,449.5,1139.9,591.1
84.668,2030,car,0.8039,866.7,132.5,1020.7,302.9
84.668,2030,car,0.7979,1186.6,0.7,1279.3,93.1
84.668,2030,car,0.7925,564.6,531.0,714.9,704.9
84.668,2030,truck,0.7711,614.5,245.3,810.7,485.9
84.668,2030,car,0.7615,981.4,0.6,1118.4,77.4
84.668,2030,car,0.7136,1172.5,417.3,1279.3,606.6
84.668,2030,car,0.711,1057.0,196.7,1214.2,385.3
84.668,2030,person,0.6766,269.5,339.4,311.5,448.2
84.668,2030,car,0.6625,386.9,246.8,563.2,420.4
84.668,2030,car,0.6287,1186.1,663.4,1279.3,719.7
84.668,2030,car,0.5871,724.5,4.7,883.2,175.3
84.668,2030,person,0.5642,221.2,339.1,264.5,460.3
84.668,2030,person,0.4682,99.8,512.0,144.9,646.1
84.668,2030,truck,0.4532,200.7,527.8,468.2,716.0
84.668,2030,person,0.4263,112.2,369.5,160.7,463.6
84.668,2030,person,0.4188,395.0,109.7,435.6,206.8
84.668,2030,person,0.2882,328.1,223.0,356.7,337.1
84.668,2030,person,0.273,106.1,296.1,141.1,390.0
85.085,2040,car,0.8444,201.4,373.4,427.4,551.2
85.085,2040,car,0.7812,1129.2,75.9,1270.0,220.1
85.085,2040,car,0.7718,854.3,167.1,1017.5,320.0
85.085,2040,car,0.6994,721.0,400.9,885.8,592.8
85.085,2040,car,0.6825,1005.9,289.0,1176.6,481.0
85.085,2040,car,0.6625,945.4,0.0,1121.2,119.4
85.085,2040,car,0.6241,433.3,526.5,621.3,719.7
85.085,2040,person,0.5991,63.8,273.5,105.7,386.7
85.085,2040,person,0.5851,93.0,450.9,130.6,566.1
85.085,2040,person,0.5426,343.6,214.6,378.4,333.0
85.085,2040,person,0.5106,126.3,405.6,166.2,528.5
85.085,2040,car,0.4975,580.8,269.9,737.0,436.3
85.085,2040,person,0.4855,37.8,587.1,76.0,706.0
85.085,2040,person,0.475,377.3,213.3,413.3,317.3
85.085,2040,person,0.4383,395.8,3.3,433.3,100.1
85.085,2040,person,0.4263,64.5,422.6,100.7,533.4
85.085,2040,person,0.4135,404.0,89.7,441.5,195.8
85.085,2040,car,0.4118,1201.7,384.7,1279.6,573.1
85.085,2040,truck,0.3579,432.3,526.1,622.4,720.0
85.085,2040,person,0.3115,29.4,453.3,80.0,587.9
85.502,2050,car,0.803,701.7,165.8,851.9,307.5
85.502,2050,car,0.7984,176.1,382.8,409.2,564.2
85.502,2050,car,0.7912,790.5,325.0,955.1,487.5
85.502,2050,car,0.764,663.6,566.6,849.0,720.0
85.502,2050,car,0.7308,1139.5,32.5,1278.4,166.2
85.502,2050,car,0.7247,919.8,636.9,1085.9,720.0
85.502,2050,car,0.6636,949.7,13.8,1092.7,153.2
85.502,2050,person,0.6496,391.1,99.5,431.1,199.6
85.502,2050,truck,0.6463,995.3,210.5,1186.9,435.0
85.502,2050,car,0.5912,817.7,0.7,933.5,82.8
85.502,2050,person,0.5554,70.4,500.0,119.2,622.0
85.502,2050,person,0.5157,313.6,24.8,353.0,124.2
85.502,2050,person,0.5064,112.7,127.5,150.5,240.1
85.502,2050,person,0.4932,110.5,350.8,151.5,472.1
85.502,2050,person,0.4661,158.3,125.6,198.1,218.9
85.502,2050,car,0.4045,1226.4,527.9,1279.6,689.0
85.502,2050,person,0.3797,10.7,488.4,60.5,634.1
85.502,2050,person,0.3421,350.8,92.6,393.3,233.3
85.502,2050,person,0.332,351.6,93.5,389.9,197.7
85.502,2050,person,0.295,68.2,135.6,109.9,251.0
85.919,2060,car,0.8714,117.9,407.1,368.0,592.1
85.919,2060,car,0.8578,655.6,134.0,807.3,271.9
85.919,2060,car,0.8305,984.4,381.1,1130.9,537.4
85.919,2060,car,0.8277,1129.6,51.6,1275.9,196.8
85.919,2060,car,0.7903,846.8,158.0,1012.7,352.2
85.919,2060,car,0.7243,521.8,390.9,682.3,582.5
85.919,2060,person,0.5021,9.5,412.5,63.2,577.9
85.919,2060,person,0.4683,373.2,0.0,409.2,85.0
85.919,2060,car,0.4618,945.7,0.1,1088.6,119.9
85.919,2060,person,0.4574,359.7,153.2,394.5,246.8
85.919,2060,person,0.4552,82.9,398.2,119.2,503.0
85.919,2060,car,0.4503,1195.1,433.7,1279.3,631.5
85.919,2060,person,0.3993,108.5,411.7,154.0,509.9
85.919,2060,person,0.3125,342.0,0.0,376.8,83.5
85.919,2060,truck,0.2984,1194.1,442.2,1279.4,633.7
85.919,2060,person,0.2832,10.3,297.3,56.7,390.2
85.919,2060,person,0.272,322.6,132.9,356.4,250.4
86.336,2070,car,0.7978,1103.1,90.5,1258.0,243.0
86.336,2070,car,0.7871,814.1,514.3,976.0,690.0
86.336,2070,car,0.7122,932.1,5.4,1079.1,151.3
86.336,2070,car,0.5388,1194.7,335.8,1279.3,594.4
86.336,2070,person,0.5333,357.1,147.1,395.8,246.3
86.336,2070,person,0.4791,139.5,322.9,178.9,470.7
86.336,2070,person,0.469,83.7,346.5,118.9,460.2
86.336,2070,person,0.4576,97.0,206.9,131.5,312.1
86.336,2070,person,0.4094,6.4,207.4,49.0,309.9
86.336,2070,person,0.3704,16.6,350.0,54.1,471.1
86.336,2070,person,0.3679,316.4,128.7,356.8,250.3
86.336,2070,person,0.3373,69.6,205.0,101.8,310.5
86.336,2070,person,0.3321,114.3,335.8,151.5,462.7
86.336,2070,car,0.2884,623.8,691.2,728.6,720.0
86.336,2070,person,0.2524,57.4,381.8,90.8,470.9
87.588,2100,car,0.2848,662.5,534.8,757.5,595.0
88.422,2120,car,0.3977,1058.3,321.7,1166.3,385.5
88.422,2120,car,0.3433,634.1,529.0,731.5,583.4
89.256,2140,car,0.3015,613.8,522.1,692.3,579.3
89.673,2150,car,0.2687,605.4,517.2,690.7,569.2
90.09,2160,car,0.2553,873.2,598.7,916.6,639.2
90.507,2170,car,0.4283,1014.0,315.5,1112.7,375.7
91.341,2190,car,0.4097,985.3,311.5,1095.3,374.4
91.758,2200,car,0.4134,975.3,310.4,1083.8,372.6
91.758,2200,car,0.331,549.0,498.1,630.7,546.5
